candidate_id,page,frame_bbox,symbol_bbox,num_cells,top1_class,top1_score,top2_class,top2_score,margin,decision_policy,catalog_complete,referenced_datums,unresolved_fields,human_is_real_gdt,human_true_characteristic,human_notes
GDT-V2-P01-001,1,"[251.018, 52.036, 260.509, 56.618]","[251.018, 53.345, 254.945, 56.618]",2,flatness,0.389270,total_runout,0.296069,0.093201,ranking_only_no_global_threshold,,,,,,
GDT-V2-P01-002,1,"[1246.582, 59.891, 1257.055, 68.073]","[1246.582, 59.891, 1251.164, 68.073]",2,circular_runout,0.553061,position,0.406699,0.146362,ranking_only_no_global_threshold,,,,,,
GDT-V2-P01-003,1,"[1114.364, 60.218, 1124.836, 68.073]","[1114.364, 60.218, 1118.618, 68.073]",2,circular_runout,0.554048,position,0.419937,0.134111,ranking_only_no_global_threshold,,,,,,
GDT-V2-P01-004,1,"[552.109, 68.727, 562.909, 76.582]","[552.109, 68.727, 556.691, 76.582]",2,parallelism,0.398669,position,0.369819,0.02885,ranking_only_no_global_threshold,,,,,,
GDT-V2-P01-005,1,"[317.127, 80.509, 327.273, 88.364]","[317.127, 80.509, 322.036, 87.709]",2,circular_runout,0.332498,position,0.329462,0.003036,ranking_only_no_global_threshold,,,,,,
GDT-V2-P01-006,1,"[249.382, 112.909, 260.836, 118.473]","[249.382, 112.909, 255.273, 118.473]",2,cylindricity,0.236425,flatness,0.220331,0.016094,ranking_only_no_global_threshold,,,,,,
GDT-V2-P01-007,1,"[249.382, 118.473, 266.073, 124.036]","[249.382, 118.473, 255.273, 124.036]",3,angularity,-0.600000,circular_runout,-0.600000,0.0,ranking_only_no_global_threshold,,,,,,
GDT-V2-P01-008,1,"[1685.455, 119.127, 1710.982, 156.764]","[1685.455, 119.127, 1693.964, 156.764]",2,angularity,0.337050,perpendicularity,0.296071,0.04098,ranking_only_no_global_threshold,,,,,,
GDT-V2-P01-009,1,"[243.818, 124.036, 266.4, 129.927]","[243.818, 124.036, 249.382, 129.927]",4,circular_runout,0.297604,cylindricity,0.276617,0.020986,ranking_only_no_global_threshold,,,,,,
GDT-V2-P01-010,1,"[2108.945, 125.345, 2124.0, 133.527]","[2108.945, 125.345, 2111.891, 133.527]",2,angularity,-0.600000,circular_runout,-0.600000,0.0,ranking_only_no_global_threshold,,,,,,
GDT-V2-P01-011,1,"[243.818, 129.927, 270.655, 135.491]","[243.818, 129.927, 249.382, 135.491]",5,angularity,-0.600000,circular_runout,-0.600000,0.0,ranking_only_no_global_threshold,,,,,,
GDT-V2-P01-012,1,"[1437.382, 129.927, 1453.745, 138.109]","[1437.382, 130.582, 1441.964, 137.455]",3,position,0.313913,cylindricity,0.252327,0.061587,ranking_only_no_global_threshold,,,,,,
GDT-V2-P01-013,1,"[1489.745, 129.927, 1498.582, 138.109]","[1489.745, 130.255, 1493.345, 135.818]",2,cylindricity,0.268809,parallelism,0.268528,0.000281,ranking_only_no_global_threshold,,,,,,
GDT-V2-P01-014,1,"[1061.018, 131.564, 1071.491, 135.491]","[1061.018, 131.564, 1065.927, 135.491]",2,profile,0.180073,circular_runout,0.175522,0.004551,ranking_only_no_global_threshold,,,,,,
GDT-V2-P01-015,1,"[2108.945, 133.527, 2124.0, 151.2]","[2108.945, 133.527, 2111.891, 150.873]",2,angularity,-0.600000,circular_runout,-0.600000,0.0,ranking_only_no_global_threshold,,,,,,
GDT-V2-P01-016,1,"[220.909, 135.491, 255.273, 141.055]","[220.909, 137.127, 226.8, 141.055]",6,angularity,-0.600000,circular_runout,-0.600000,0.0,ranking_only_no_global_threshold,,,,,,
GDT-V2-P01-017,1,"[232.364, 135.491, 266.4, 141.055]","[232.364, 135.491, 238.255, 141.055]",6,angularity,-0.600000,circular_runout,-0.600000,0.0,ranking_only_no_global_threshold,,,,,,
GDT-V2-P01-018,1,"[249.382, 135.491, 271.636, 141.055]","[249.382, 135.491, 255.273, 141.055]",4,angularity,-0.600000,circular_runout,-0.600000,0.0,ranking_only_no_global_threshold,,,,,,
GDT-V2-P01-019,1,"[1060.036, 135.491, 1075.745, 141.055]","[1060.036, 135.491, 1065.927, 141.055]",3,total_runout,0.203279,circular_runout,0.193358,0.009921,ranking_only_no_global_threshold,,,,,,
GDT-V2-P01-020,1,"[209.782, 137.455, 221.236, 141.055]","[209.782, 137.782, 215.345, 141.055]",2,angularity,-0.600000,circular_runout,-0.600000,0.0,ranking_only_no_global_threshold,,,,,,
GDT-V2-P01-021,1,"[203.891, 141.055, 238.255, 146.945]","[203.891, 141.055, 209.782, 146.945]",6,angularity,-0.600000,circular_runout,-0.600000,0.0,ranking_only_no_global_threshold,,,,,,
GDT-V2-P01-022,1,"[220.909, 141.055, 255.273, 146.945]","[220.909, 141.055, 226.8, 146.945]",6,angularity,-0.600000,circular_runout,-0.600000,0.0,ranking_only_no_global_threshold,,,,,,
GDT-V2-P01-023,1,"[1055.782, 141.055, 1077.055, 146.945]","[1055.782, 141.055, 1060.036, 146.945]",4,circular_runout,0.379809,parallelism,0.337344,0.042465,ranking_only_no_global_threshold,,,,,,
GDT-V2-P01-024,1,"[193.418, 146.945, 226.8, 152.509]","[193.418, 146.945, 198.327, 152.509]",6,cylindricity,0.315224,parallelism,0.315186,3.7e-05,ranking_only_no_global_threshold,,,,,,
GDT-V2-P01-025,1,"[203.891, 146.945, 238.255, 152.509]","[203.891, 146.945, 209.782, 152.509]",6,angularity,-0.600000,circular_runout,-0.600000,0.0,ranking_only_no_global_threshold,,,,,,
GDT-V2-P01-026,1,"[220.909, 146.945, 243.818, 152.509]","[220.909, 146.945, 226.8, 152.509]",4,angularity,-0.600000,circular_runout,-0.600000,0.0,ranking_only_no_global_threshold,,,,,,
GDT-V2-P01-027,1,"[1023.709, 149.236, 1043.018, 157.091]","[1023.709, 151.527, 1034.182, 157.091]",2,straightness,0.626931,symmetry,0.497573,0.129358,ranking_only_no_global_threshold,,,,,,
GDT-V2-P01-028,1,"[1043.018, 149.236, 1077.055, 153.818]","[1043.018, 149.236, 1054.473, 153.818]",5,position,0.439500,straightness,0.408868,0.030632,ranking_only_no_global_threshold,,,,,,
GDT-V2-P01-029,1,"[2108.945, 151.527, 2124.0, 187.527]","[2108.945, 151.527, 2111.891, 187.527]",2,angularity,-0.600000,circular_runout,-0.600000,0.0,ranking_only_no_global_threshold,,,,,,
GDT-V2-P01-030,1,"[192.764, 152.509, 226.8, 158.073]","[192.764, 152.509, 198.327, 158.073]",6,angularity,-0.600000,circular_runout,-0.600000,0.0,ranking_only_no_global_threshold,,,,,,
GDT-V2-P01-031,1,"[209.782, 152.509, 232.364, 158.073]","[209.782, 152.509, 215.345, 158.073]",4,angularity,-0.600000,circular_runout,-0.600000,0.0,ranking_only_no_global_threshold,,,,,,
GDT-V2-P01-032,1,"[1048.909, 152.509, 1081.309, 158.073]","[1048.909, 152.509, 1054.473, 158.073]",6,angularity,0.188563,perpendicularity,0.179496,0.009066,ranking_only_no_global_threshold,,,,,,
GDT-V2-P01-033,1,"[2135.127, 155.455, 2175.382, 166.909]","[2135.127, 155.455, 2140.691, 166.582]",2,straightness,0.355545,profile,0.338056,0.017489,ranking_only_no_global_threshold,,,,,,
GDT-V2-P01-034,1,"[192.764, 158.073, 226.8, 163.964]","[192.764, 158.073, 198.327, 163.964]",6,angularity,-0.600000,circular_runout,-0.600000,0.0,ranking_only_no_global_threshold,,,,,,
GDT-V2-P01-035,1,"[1014.873, 158.073, 1048.909, 163.964]","[1014.873, 158.727, 1020.436, 163.964]",6,profile,0.285851,flatness,0.252313,0.033537,ranking_only_no_global_threshold,,,,,,
GDT-V2-P01-036,1,"[1026.0, 158.073, 1060.036, 163.964]","[1026.0, 158.073, 1031.891, 163.964]",6,angularity,-0.600000,circular_runout,-0.600000,0.0,ranking_only_no_global_threshold,,,,,,
GDT-V2-P01-037,1,"[1043.018, 158.073, 1077.055, 163.964]","[1043.018, 158.073, 1048.909, 163.964]",6,angularity,-0.600000,circular_runout,-0.600000,0.0,ranking_only_no_global_threshold,,,,,,
GDT-V2-P01-038,1,"[192.764, 163.964, 215.345, 169.527]","[192.764, 163.964, 198.327, 169.527]",4,angularity,-0.600000,circular_runout,-0.600000,0.0,ranking_only_no_global_threshold,,,,,,
GDT-V2-P01-039,1,"[1008.982, 163.964, 1043.018, 169.527]","[1008.982, 163.964, 1014.873, 169.527]",6,angularity,-0.600000,circular_runout,-0.600000,0.0,ranking_only_no_global_threshold,,,,,,
GDT-V2-P01-040,1,"[1020.436, 163.964, 1054.473, 169.527]","[1020.436, 163.964, 1026.327, 169.527]",6,angularity,-0.600000,circular_runout,-0.600000,0.0,ranking_only_no_global_threshold,,,,,,
GDT-V2-P01-041,1,"[1037.455, 163.964, 1060.036, 169.527]","[1037.455, 163.964, 1043.018, 169.527]",4,angularity,-0.600000,circular_runout,-0.600000,0.0,ranking_only_no_global_threshold,,,,,,
GDT-V2-P01-042,1,"[192.764, 169.527, 209.782, 175.091]","[192.764, 169.527, 198.327, 175.091]",3,position,0.265933,perpendicularity,0.252770,0.013163,ranking_only_no_global_threshold,,,,,,
GDT-V2-P01-043,1,"[1003.418, 169.527, 1037.455, 175.091]","[1003.418, 169.527, 1009.309, 175.091]",6,circularity,0.197586,flatness,0.163751,0.033835,ranking_only_no_global_threshold,,,,,,
GDT-V2-P01-044,1,"[1014.873, 169.527, 1048.909, 175.091]","[1014.873, 169.527, 1020.436, 175.091]",6,angularity,-0.600000,circular_runout,-0.600000,0.0,ranking_only_no_global_threshold,,,,,,
GDT-V2-P01-045,1,"[1031.891, 169.527, 1054.473, 175.091]","[1031.891, 169.527, 1037.455, 175.091]",4,circularity,0.196650,position,0.183375,0.013275,ranking_only_no_global_threshold,,,,,,
GDT-V2-P01-046,1,"[214.691, 172.8, 228.764, 212.073]","[214.691, 172.8, 271.636, 212.073]",2,cylindricity,0.364275,flatness,0.338635,0.02564,ranking_only_no_global_threshold,,,,,,
GDT-V2-P01-047,1,"[1003.418, 175.091, 1037.455, 180.982]","[1003.418, 175.091, 1009.309, 180.982]",6,angularity,-0.600000,circular_runout,-0.600000,0.0,ranking_only_no_global_threshold,,,,,,
GDT-V2-P01-048,1,"[1020.436, 175.091, 1043.018, 180.982]","[1020.436, 175.091, 1026.327, 180.982]",4,straightness,0.352082,symmetry,0.333049,0.019033,ranking_only_no_global_threshold,,,,,,
GDT-V2-P01-049,1,"[1003.418, 180.655, 1037.455, 186.545]","[1003.418, 180.655, 1009.309, 186.545]",6,straightness,0.406810,position,0.283877,0.122933,ranking_only_no_global_threshold,,,,,,
GDT-V2-P01-050,1,"[1003.418, 186.545, 1020.436, 192.109]","[1003.418, 186.545, 1009.309, 192.109]",3,position,0.253138,cylindricity,0.236859,0.016278,ranking_only_no_global_threshold,,,,,,
GDT-V2-P01-051,1,"[2063.455, 186.873, 2129.236, 229.091]","[2063.455, 187.2, 2111.891, 223.527]",3,flatness,0.326725,cylindricity,0.308183,0.018542,ranking_only_no_global_threshold,,,,,,
GDT-V2-P01-052,1,"[1857.273, 190.145, 1926.0, 204.545]","[1857.273, 190.145, 1880.836, 204.545]",4,symmetry,0.742427,straightness,0.494983,0.247444,ranking_only_no_global_threshold,,,,,,
GDT-V2-P01-053,1,"[1004.4, 192.109, 1014.873, 198.0]","[1004.4, 192.109, 1009.309, 198.0]",2,circularity,0.148364,flatness,0.104576,0.043788,ranking_only_no_global_threshold,,,,,,
GDT-V2-P01-054,1,"[2129.891, 196.036, 2235.273, 221.564]","[2129.891, 196.036, 2134.8, 221.564]",3,angularity,-0.600000,circular_runout,-0.600000,0.0,ranking_only_no_global_threshold,,,,,,
GDT-V2-P01-055,1,"[2006.509, 203.891, 2032.364, 213.055]","[2006.509, 203.891, 2011.745, 211.091]",3,perpendicularity,0.194242,cylindricity,0.194110,0.000132,ranking_only_no_global_threshold,,,,,,
GDT-V2-P01-056,1,"[166.909, 209.127, 198.327, 226.473]","[166.909, 209.127, 173.782, 226.473]",2,cylindricity,0.191803,circular_runout,0.175984,0.01582,ranking_only_no_global_threshold,,,,,,
GDT-V2-P01-057,1,"[2053.964, 221.564, 2124.0, 228.764]","[2053.964, 223.855, 2057.564, 228.436]",3,perpendicularity,0.226026,cylindricity,0.188082,0.037944,ranking_only_no_global_threshold,,,,,,
GDT-V2-P01-058,1,"[1030.255, 221.891, 1057.418, 226.145]","[1030.255, 221.891, 1033.855, 225.818]",2,angularity,-0.600000,circular_runout,-0.600000,0.0,ranking_only_no_global_threshold,,,,,,
GDT-V2-P01-059,1,"[2006.509, 228.764, 2128.255, 238.909]","[2006.509, 228.764, 2111.891, 238.909]",2,straightness,0.701521,symmetry,0.519081,0.18244,ranking_only_no_global_threshold,,,,,,
GDT-V2-P01-060,1,"[139.745, 249.055, 148.255, 252.982]","[139.745, 249.055, 143.673, 252.655]",2,position,0.362393,symmetry,0.342035,0.020359,ranking_only_no_global_threshold,,,,,,
GDT-V2-P01-061,1,"[1986.218, 250.036, 1996.036, 262.473]","[1986.218, 250.036, 1990.473, 262.473]",2,angularity,-0.600000,circular_runout,-0.600000,0.0,ranking_only_no_global_threshold,,,,,,
GDT-V2-P01-062,1,"[327.6, 259.527, 369.491, 301.745]","[327.6, 259.527, 368.836, 301.091]",2,total_runout,0.256444,profile,0.255313,0.001131,ranking_only_no_global_threshold,,,,,,
GDT-V2-P01-063,1,"[524.291, 275.891, 553.418, 282.764]","[524.291, 275.891, 544.909, 282.764]",2,straightness,0.457030,symmetry,0.348447,0.108582,ranking_only_no_global_threshold,,,,,,
GDT-V2-P01-064,1,"[1138.582, 279.818, 1217.127, 321.709]","[1138.582, 279.818, 1180.473, 321.709]",2,profile,0.254400,total_runout,0.252713,0.001686,ranking_only_no_global_threshold,,,,,,
GDT-V2-P01-065,1,"[933.055, 282.109, 984.764, 321.709]","[933.055, 282.109, 976.582, 321.709]",2,position,0.199451,profile,0.152417,0.047034,ranking_only_no_global_threshold,,,,,,
GDT-V2-P01-066,1,"[214.691, 282.436, 248.727, 301.418]","[214.691, 282.436, 220.255, 301.418]",2,angularity,-0.600000,circular_runout,-0.600000,0.0,ranking_only_no_global_threshold,,,,,,
GDT-V2-P01-067,1,"[1338.218, 296.509, 1384.691, 304.691]","[1338.218, 296.509, 1343.455, 304.691]",2,perpendicularity,0.394468,position,0.371682,0.022786,ranking_only_no_global_threshold,,,,,,
GDT-V2-P01-068,1,"[1067.236, 300.436, 1076.4, 321.709]","[1067.236, 302.4, 1073.127, 321.709]",2,profile,0.290950,flatness,0.273948,0.017002,ranking_only_no_global_threshold,,,,,,
GDT-V2-P01-069,1,"[1025.673, 302.4, 1059.709, 321.709]","[1025.673, 302.4, 1031.236, 321.709]",2,angularity,-0.600000,circular_runout,-0.600000,0.0,ranking_only_no_global_threshold,,,,,,
GDT-V2-P01-070,1,"[1337.891, 305.673, 1360.8, 311.236]","[1337.891, 305.673, 1343.782, 311.236]",4,position,0.278561,perpendicularity,0.241378,0.037183,ranking_only_no_global_threshold,,,,,,
GDT-V2-P01-071,1,"[1343.455, 305.673, 1377.818, 311.236]","[1343.455, 305.673, 1349.345, 311.236]",6,angularity,-0.600000,circular_runout,-0.600000,0.0,ranking_only_no_global_threshold,,,,,,
GDT-V2-P01-072,1,"[1354.909, 305.673, 1388.945, 311.236]","[1354.909, 305.673, 1360.8, 311.236]",6,angularity,-0.600000,circular_runout,-0.600000,0.0,ranking_only_no_global_threshold,,,,,,
GDT-V2-P01-073,1,"[1339.2, 311.236, 1360.8, 316.8]","[1339.2, 311.236, 1343.782, 316.8]",4,perpendicularity,0.466279,position,0.400521,0.065757,ranking_only_no_global_threshold,,,,,,
GDT-V2-P01-074,1,"[1343.455, 311.236, 1377.818, 316.8]","[1343.455, 311.236, 1349.345, 316.8]",6,angularity,-0.600000,circular_runout,-0.600000,0.0,ranking_only_no_global_threshold,,,,,,
GDT-V2-P01-075,1,"[1354.909, 311.236, 1388.945, 316.8]","[1354.909, 311.236, 1360.8, 316.8]",6,angularity,-0.600000,circular_runout,-0.600000,0.0,ranking_only_no_global_threshold,,,,,,
GDT-V2-P01-076,1,"[1366.364, 311.236, 1399.745, 316.8]","[1366.364, 311.236, 1371.927, 316.8]",6,angularity,-0.600000,circular_runout,-0.600000,0.0,ranking_only_no_global_threshold,,,,,,
GDT-V2-P01-077,1,"[1340.182, 316.8, 1360.8, 321.709]","[1340.182, 316.8, 1343.782, 321.709]",4,angularity,-0.600000,circular_runout,-0.600000,0.0,ranking_only_no_global_threshold,,,,,,
GDT-V2-P01-078,1,"[1343.455, 316.8, 1377.818, 321.709]","[1343.455, 316.8, 1349.345, 321.709]",6,angularity,-0.600000,circular_runout,-0.600000,0.0,ranking_only_no_global_threshold,,,,,,
GDT-V2-P01-079,1,"[1354.909, 316.8, 1388.945, 321.709]","[1354.909, 316.8, 1360.8, 321.709]",6,angularity,-0.600000,circular_runout,-0.600000,0.0,ranking_only_no_global_threshold,,,,,,
GDT-V2-P01-080,1,"[1366.364, 316.8, 1400.4, 321.709]","[1366.364, 316.8, 1371.927, 321.709]",6,angularity,-0.600000,circular_runout,-0.600000,0.0,ranking_only_no_global_threshold,,,,,,
GDT-V2-P01-081,1,"[933.055, 321.709, 984.764, 350.182]","[933.055, 321.709, 976.582, 350.182]",2,angularity,0.500630,circular_runout,0.169159,0.331471,ranking_only_no_global_threshold,,,,,,
GDT-V2-P01-082,1,"[1025.673, 321.709, 1059.709, 329.891]","[1025.673, 321.709, 1031.236, 329.891]",2,angularity,-0.600000,circular_runout,-0.600000,0.0,ranking_only_no_global_threshold,,,,,,
GDT-V2-P01-083,1,"[1067.236, 321.709, 1076.4, 338.073]","[1067.236, 321.709, 1073.127, 337.418]",2,angularity,-0.600000,circular_runout,-0.600000,0.0,ranking_only_no_global_threshold,,,,,,
GDT-V2-P01-084,1,"[1138.582, 321.709, 1222.691, 363.927]","[1138.582, 321.709, 1180.473, 363.927]",3,circularity,0.190037,angularity,0.168476,0.021561,ranking_only_no_global_threshold,,,,,,
GDT-V2-P01-085,1,"[631.309, 322.364, 660.109, 361.636]","[631.309, 322.364, 640.145, 361.636]",2,perpendicularity,0.445250,position,0.261251,0.184,ranking_only_no_global_threshold,,,,,,
GDT-V2-P01-086,1,"[1340.836, 322.691, 1360.8, 328.255]","[1340.836, 322.691, 1343.782, 328.255]",4,angularity,-0.600000,circular_runout,-0.600000,0.0,ranking_only_no_global_threshold,,,,,,
GDT-V2-P01-087,1,"[1343.455, 322.691, 1377.818, 328.255]","[1343.455, 322.691, 1349.345, 328.255]",6,angularity,-0.600000,circular_runout,-0.600000,0.0,ranking_only_no_global_threshold,,,,,,
GDT-V2-P01-088,1,"[1354.909, 322.691, 1388.945, 328.255]","[1354.909, 322.691, 1360.8, 328.255]",6,angularity,-0.600000,circular_runout,-0.600000,0.0,ranking_only_no_global_threshold,,,,,,
GDT-V2-P01-089,1,"[1366.364, 322.691, 1400.4, 328.255]","[1366.364, 322.691, 1371.927, 328.255]",6,angularity,-0.600000,circular_runout,-0.600000,0.0,ranking_only_no_global_threshold,,,,,,
GDT-V2-P01-090,1,"[1340.509, 328.255, 1360.8, 333.818]","[1340.509, 328.255, 1343.782, 333.818]",4,angularity,-0.600000,circular_runout,-0.600000,0.0,ranking_only_no_global_threshold,,,,,,
GDT-V2-P01-091,1,"[1343.455, 328.255, 1377.818, 333.818]","[1343.455, 328.255, 1349.345, 333.818]",6,angularity,-0.600000,circular_runout,-0.600000,0.0,ranking_only_no_global_threshold,,,,,,
GDT-V2-P01-092,1,"[1354.909, 328.255, 1388.945, 333.818]","[1354.909, 328.255, 1360.8, 333.818]",6,angularity,-0.600000,circular_runout,-0.600000,0.0,ranking_only_no_global_threshold,,,,,,
GDT-V2-P01-093,1,"[1371.927, 328.255, 1394.509, 333.818]","[1371.927, 328.255, 1377.818, 333.818]",4,angularity,-0.600000,circular_runout,-0.600000,0.0,ranking_only_no_global_threshold,,,,,,
GDT-V2-P01-094,1,"[1339.527, 333.818, 1360.8, 339.709]","[1339.527, 333.818, 1343.782, 339.709]",4,perpendicularity,0.327120,position,0.277502,0.049619,ranking_only_no_global_threshold,,,,,,
GDT-V2-P01-095,1,"[1343.455, 333.818, 1377.818, 339.709]","[1343.455, 333.818, 1349.345, 339.709]",6,angularity,-0.600000,circular_runout,-0.600000,0.0,ranking_only_no_global_threshold,,,,,,
GDT-V2-P01-096,1,"[1354.909, 333.818, 1388.945, 339.709]","[1354.909, 333.818, 1360.8, 339.709]",6,angularity,-0.600000,circular_runout,-0.600000,0.0,ranking_only_no_global_threshold,,,,,,
GDT-V2-P01-097,1,"[1338.545, 339.709, 1360.8, 345.273]","[1338.545, 339.709, 1343.782, 345.273]",4,position,0.318398,cylindricity,0.286168,0.032229,ranking_only_no_global_threshold,,,,,,
GDT-V2-P01-098,1,"[1343.455, 339.709, 1377.818, 345.273]","[1343.455, 339.709, 1349.345, 345.273]",6,angularity,-0.600000,circular_runout,-0.600000,0.0,ranking_only_no_global_threshold,,,,,,
GDT-V2-P01-099,1,"[1360.473, 339.709, 1383.382, 345.273]","[1360.473, 339.709, 1366.364, 345.273]",4,angularity,-0.600000,circular_runout,-0.600000,0.0,ranking_only_no_global_threshold,,,,,,
GDT-V2-P01-100,1,"[1337.891, 345.273, 1360.8, 350.836]","[1337.891, 345.273, 1343.782, 350.836]",4,total_runout,0.167928,circular_runout,0.144057,0.02387,ranking_only_no_global_threshold,,,,,,
GDT-V2-P01-101,1,"[1343.455, 345.273, 1377.818, 350.836]","[1343.455, 345.273, 1349.345, 350.836]",6,angularity,-0.600000,circular_runout,-0.600000,0.0,ranking_only_no_global_threshold,,,,,,
GDT-V2-P01-102,1,"[1333.636, 350.836, 1366.364, 356.727]","[1333.636, 350.836, 1337.891, 356.727]",6,cylindricity,0.286202,total_runout,0.264755,0.021447,ranking_only_no_global_threshold,,,,,,
GDT-V2-P01-103,1,"[1332.655, 356.4, 1360.8, 362.291]","[1332.655, 356.4, 1337.891, 362.291]",5,perpendicularity,0.478553,circular_runout,0.446059,0.032494,ranking_only_no_global_threshold,,,,,,
GDT-V2-P01-104,1,"[1734.218, 360.0, 1737.818, 393.709]","[1734.218, 360.0, 1744.364, 393.709]",2,perpendicularity,0.441743,position,0.335456,0.106286,ranking_only_no_global_threshold,,,,,,
GDT-V2-P01-105,1,"[1332.655, 362.291, 1354.909, 367.855]","[1332.655, 362.291, 1337.891, 367.855]",4,circular_runout,0.530490,perpendicularity,0.435897,0.094593,ranking_only_no_global_threshold,,,,,,
GDT-V2-P01-106,1,"[1332.982, 367.855, 1349.345, 373.745]","[1332.982, 367.855, 1337.891, 373.745]",3,angularity,-0.600000,circular_runout,-0.600000,0.0,ranking_only_no_global_threshold,,,,,,
GDT-V2-P01-107,1,"[1333.309, 373.418, 1343.782, 379.309]","[1333.309, 373.418, 1337.891, 379.309]",2,angularity,-0.600000,circular_runout,-0.600000,0.0,ranking_only_no_global_threshold,,,,,,
GDT-V2-P01-108,1,"[1986.218, 381.273, 1996.036, 393.382]","[1986.218, 381.273, 1990.473, 393.382]",2,profile,0.244411,position,0.234888,0.009523,ranking_only_no_global_threshold,,,,,,
GDT-V2-P01-109,1,"[1774.473, 385.2, 1785.273, 433.636]","[1774.473, 385.2, 1779.709, 428.073]",2,perpendicularity,0.480594,position,0.297839,0.182755,ranking_only_no_global_threshold,,,,,,
GDT-V2-P01-110,1,"[1824.545, 414.327, 1836.327, 454.909]","[1824.545, 414.327, 1832.073, 454.909]",2,perpendicularity,0.428379,position,0.313182,0.115197,ranking_only_no_global_threshold,,,,,,
GDT-V2-P01-111,1,"[2057.564, 415.309, 2101.418, 423.491]","[2057.564, 415.309, 2060.836, 421.855]",2,perpendicularity,0.228771,parallelism,0.184098,0.044673,ranking_only_no_global_threshold,,,,,,
GDT-V2-P01-112,1,"[2112.873, 416.945, 2128.909, 455.236]","[2112.873, 416.945, 2124.327, 455.236]",2,angularity,-0.600000,circular_runout,-0.600000,0.0,ranking_only_no_global_threshold,,,,,,
GDT-V2-P01-113,1,"[1806.545, 419.236, 1816.691, 462.764]","[1806.545, 419.236, 1822.582, 462.764]",2,perpendicularity,0.375602,circular_runout,0.301002,0.0746,ranking_only_no_global_threshold,,,,,,
GDT-V2-P01-114,1,"[2129.891, 420.873, 2235.273, 447.709]","[2129.891, 420.873, 2134.8, 447.709]",4,angularity,-0.600000,circular_runout,-0.600000,0.0,ranking_only_no_global_threshold,,,,,,
GDT-V2-P01-115,1,"[1020.436, 424.473, 1031.891, 430.364]","[1020.436, 424.473, 1026.327, 430.364]",2,angularity,-0.600000,circular_runout,-0.600000,0.0,ranking_only_no_global_threshold,,,,,,
GDT-V2-P01-116,1,"[1020.436, 430.364, 1031.891, 435.927]","[1020.436, 430.364, 1026.327, 435.927]",2,angularity,-0.600000,circular_runout,-0.600000,0.0,ranking_only_no_global_threshold,,,,,,
GDT-V2-P01-117,1,"[1020.436, 435.927, 1031.891, 441.818]","[1020.436, 435.927, 1026.327, 441.818]",2,angularity,-0.600000,circular_runout,-0.600000,0.0,ranking_only_no_global_threshold,,,,,,
GDT-V2-P01-118,1,"[1020.436, 441.491, 1031.891, 447.382]","[1020.436, 441.491, 1026.327, 447.382]",2,angularity,-0.600000,circular_runout,-0.600000,0.0,ranking_only_no_global_threshold,,,,,,
GDT-V2-P01-119,1,"[2134.8, 446.073, 2230.364, 453.273]","[2134.8, 447.382, 2143.636, 453.273]",2,angularity,-0.600000,circular_runout,-0.600000,0.0,ranking_only_no_global_threshold,,,,,,
GDT-V2-P01-120,1,"[1020.436, 447.382, 1031.891, 452.945]","[1020.436, 447.382, 1026.327, 452.945]",2,angularity,-0.600000,circular_runout,-0.600000,0.0,ranking_only_no_global_threshold,,,,,,
GDT-V2-P01-121,1,"[1020.436, 452.945, 1037.455, 458.509]","[1020.436, 452.945, 1026.327, 458.509]",3,angularity,-0.600000,circular_runout,-0.600000,0.0,ranking_only_no_global_threshold,,,,,,
GDT-V2-P01-122,1,"[2134.8, 455.236, 2230.364, 476.509]","[2134.8, 455.236, 2143.636, 476.509]",2,angularity,-0.600000,circular_runout,-0.600000,0.0,ranking_only_no_global_threshold,,,,,,
GDT-V2-P01-123,1,"[1020.436, 458.509, 1037.455, 464.4]","[1020.436, 458.509, 1026.327, 464.4]",3,straightness,0.448185,position,0.302793,0.145391,ranking_only_no_global_threshold,,,,,,
GDT-V2-P01-124,1,"[1014.873, 464.4, 1043.018, 469.964]","[1014.873, 464.4, 1020.436, 469.964]",5,circular_runout,0.334990,parallelism,0.306674,0.028316,ranking_only_no_global_threshold,,,,,,
GDT-V2-P01-125,1,"[965.127, 466.691, 975.6, 474.873]","[965.127, 466.691, 969.709, 474.873]",2,parallelism,0.379064,position,0.372887,0.006177,ranking_only_no_global_threshold,,,,,,
GDT-V2-P01-126,1,"[1054.473, 466.691, 1249.527, 492.218]","[1054.473, 466.691, 1122.873, 492.218]",3,straightness,0.491160,position,0.379669,0.111491,ranking_only_no_global_threshold,,,,,,
GDT-V2-P01-127,1,"[677.782, 469.636, 686.618, 514.473]","[677.782, 469.636, 715.745, 514.473]",2,position,0.279314,concentricity_coaxiality,0.250036,0.029279,ranking_only_no_global_threshold,,,,,,
GDT-V2-P01-128,1,"[1014.873, 469.964, 1048.909, 475.527]","[1014.873, 469.964, 1020.436, 475.527]",6,angularity,-0.600000,circular_runout,-0.600000,0.0,ranking_only_no_global_threshold,,,,,,
GDT-V2-P01-129,1,"[1031.891, 469.964, 1054.473, 475.527]","[1031.891, 469.964, 1037.455, 475.527]",4,angularity,-0.600000,circular_runout,-0.600000,0.0,ranking_only_no_global_threshold,,,,,,
GDT-V2-P01-130,1,"[1014.873, 475.527, 1048.909, 481.418]","[1014.873, 475.527, 1020.436, 481.418]",6,angularity,-0.600000,circular_runout,-0.600000,0.0,ranking_only_no_global_threshold,,,,,,
GDT-V2-P01-131,1,"[1026.0, 475.527, 1060.036, 481.418]","[1026.0, 475.527, 1031.891, 481.418]",6,angularity,-0.600000,circular_runout,-0.600000,0.0,ranking_only_no_global_threshold,,,,,,
GDT-V2-P01-132,1,"[1043.018, 475.527, 1065.927, 481.418]","[1043.018, 475.527, 1048.909, 481.418]",4,circular_runout,0.366930,angularity,0.353871,0.013059,ranking_only_no_global_threshold,,,,,,
GDT-V2-P01-133,1,"[2097.164, 476.509, 2103.382, 489.273]","[2097.164, 476.509, 2100.436, 488.945]",2,angularity,0.238821,perpendicularity,0.225206,0.013615,ranking_only_no_global_threshold,,,,,,
GDT-V2-P01-134,1,"[288.327, 477.491, 299.455, 512.182]","[288.327, 480.764, 293.891, 512.182]",2,straightness,0.602624,symmetry,0.413429,0.189195,ranking_only_no_global_threshold,,,,,,
GDT-V2-P01-135,1,"[1014.873, 481.418, 1048.909, 486.982]","[1014.873, 481.418, 1020.436, 484.691]",6,flatness,0.342400,angularity,0.321159,0.021241,ranking_only_no_global_threshold,,,,,,
GDT-V2-P01-136,1,"[1031.891, 481.418, 1065.927, 486.982]","[1031.891, 481.418, 1037.455, 486.327]",6,angularity,-0.600000,circular_runout,-0.600000,0.0,ranking_only_no_global_threshold,,,,,,
GDT-V2-P01-137,1,"[1043.018, 481.418, 1077.055, 486.982]","[1043.018, 481.418, 1048.909, 486.982]",6,circularity,0.108134,total_runout,0.097769,0.010365,ranking_only_no_global_threshold,,,,,,
GDT-V2-P01-138,1,"[276.873, 483.382, 288.327, 512.509]","[276.873, 484.691, 282.436, 504.0]",2,angularity,-0.600000,circular_runout,-0.600000,0.0,ranking_only_no_global_threshold,,,,,,
GDT-V2-P01-139,1,"[1798.364, 484.036, 1808.182, 491.891]","[1798.364, 484.036, 1803.6, 491.236]",2,position,0.366492,cylindricity,0.362388,0.004103,ranking_only_no_global_threshold,,,,,,
GDT-V2-P01-140,1,"[1023.709, 486.655, 1046.291, 492.218]","[1023.709, 486.655, 1034.182, 492.218]",2,flatness,0.193310,total_runout,0.130727,0.062584,ranking_only_no_global_threshold,,,,,,
GDT-V2-P01-141,1,"[1048.909, 486.982, 1082.945, 492.218]","[1048.909, 486.982, 1054.473, 492.218]",6,angularity,0.222877,perpendicularity,0.220298,0.002579,ranking_only_no_global_threshold,,,,,,
GDT-V2-P01-142,1,"[1268.509, 491.891, 1297.964, 497.127]","[1268.509, 491.891, 1281.927, 495.491]",3,straightness,0.658290,symmetry,0.455718,0.202572,ranking_only_no_global_threshold,,,,,,
GDT-V2-P01-143,1,"[1054.473, 492.545, 1082.945, 498.436]","[1054.473, 492.545, 1057.745, 498.436]",5,cylindricity,0.217476,perpendicularity,0.188137,0.029339,ranking_only_no_global_threshold,,,,,,
GDT-V2-P01-144,1,"[1060.036, 498.436, 1082.945, 504.0]","[1060.036, 498.436, 1065.927, 504.0]",4,angularity,-0.600000,circular_runout,-0.600000,0.0,ranking_only_no_global_threshold,,,,,,
GDT-V2-P01-145,1,"[271.309, 503.345, 282.436, 513.491]","[271.309, 503.345, 276.873, 513.491]",2,angularity,-0.600000,circular_runout,-0.600000,0.0,ranking_only_no_global_threshold,,,,,,
GDT-V2-P01-146,1,"[1060.036, 504.0, 1077.055, 509.564]","[1060.036, 504.0, 1065.927, 509.564]",3,position,0.255068,cylindricity,0.249718,0.00535,ranking_only_no_global_threshold,,,,,,
GDT-V2-P01-147,1,"[288.327, 511.2, 299.455, 516.764]","[288.327, 511.855, 293.891, 516.764]",2,position,0.294269,symmetry,0.283146,0.011123,ranking_only_no_global_threshold,,,,,,
GDT-V2-P01-148,1,"[1129.745, 531.164, 1138.255, 539.345]","[1129.745, 531.491, 1132.691, 538.036]",2,position,0.487006,circular_runout,0.414681,0.072325,ranking_only_no_global_threshold,,,,,,
GDT-V2-P01-149,1,"[2047.091, 548.836, 2057.564, 557.018]","[2047.091, 549.164, 2051.345, 557.018]",2,circular_runout,0.539844,position,0.401626,0.138218,ranking_only_no_global_threshold,,,,,,
GDT-V2-P01-150,1,"[183.6, 556.691, 194.4, 600.873]","[183.6, 562.255, 188.836, 600.873]",2,perpendicularity,0.485640,position,0.305631,0.18001,ranking_only_no_global_threshold,,,,,,
GDT-V2-P01-151,1,"[2033.673, 568.8, 2044.145, 576.655]","[2033.673, 568.8, 2037.927, 576.655]",2,circular_runout,0.535906,position,0.396555,0.139351,ranking_only_no_global_threshold,,,,,,
GDT-V2-P01-152,1,"[2164.255, 568.8, 2174.4, 576.655]","[2164.255, 568.8, 2168.509, 576.655]",2,circular_runout,0.547688,position,0.404786,0.142902,ranking_only_no_global_threshold,,,,,,
GDT-V2-P01-153,1,"[2184.218, 588.764, 2193.709, 595.964]","[2184.218, 588.764, 2188.473, 595.309]",2,cylindricity,0.354660,position,0.352719,0.001942,ranking_only_no_global_threshold,,,,,,
GDT-V2-P01-154,1,"[119.127, 593.345, 132.218, 608.073]","[119.127, 593.345, 138.436, 608.073]",2,flatness,0.366234,total_runout,0.321211,0.045023,ranking_only_no_global_threshold,,,,,,
GDT-V2-P01-155,1,"[1109.455, 603.818, 1119.6, 611.673]","[1109.455, 603.818, 1113.709, 611.673]",2,circular_runout,0.551574,position,0.404028,0.147546,ranking_only_no_global_threshold,,,,,,
GDT-V2-P01-156,1,"[225.491, 625.091, 235.309, 634.582]","[225.491, 626.727, 230.727, 634.582]",2,circular_runout,0.430107,parallelism,0.250284,0.179823,ranking_only_no_global_threshold,,,,,,
GDT-V2-P01-157,1,"[989.345, 642.109, 1009.964, 654.218]","[989.345, 642.436, 993.273, 654.218]",3,circularity,0.232760,cylindricity,0.229339,0.00342,ranking_only_no_global_threshold,,,,,,
GDT-V2-P01-158,1,"[1280.618, 645.382, 1332.0, 659.455]","[1280.618, 645.382, 1299.927, 659.455]",3,position,0.602289,symmetry,0.531910,0.070379,ranking_only_no_global_threshold,,,,,,
GDT-V2-P01-159,1,"[924.545, 692.836, 934.036, 700.691]","[924.545, 692.836, 929.782, 700.691]",2,circular_runout,0.428894,perpendicularity,0.329263,0.099631,ranking_only_no_global_threshold,,,,,,
GDT-V2-P01-160,1,"[1415.127, 713.127, 1461.927, 727.527]","[1415.127, 713.127, 1438.691, 727.527]",2,flatness,0.444048,cylindricity,0.401219,0.042829,ranking_only_no_global_threshold,,,,,,
GDT-V2-P01-161,1,"[1087.527, 757.964, 1096.036, 767.127]","[1087.527, 757.964, 1091.127, 765.818]",2,perpendicularity,0.412734,circular_runout,0.379499,0.033235,ranking_only_no_global_threshold,,,,,,
GDT-V2-P01-162,1,"[1224.655, 773.673, 1304.836, 778.582]","[1224.655, 773.673, 1274.073, 778.582]",2,straightness,0.207720,position,0.148866,0.058853,ranking_only_no_global_threshold,,,,,,
GDT-V2-P01-163,1,"[1973.782, 780.218, 2233.309, 795.927]","[1973.782, 780.545, 2083.418, 795.927]",4,straightness,0.813657,symmetry,0.563088,0.250569,ranking_only_no_global_threshold,,,,,,
GDT-V2-P01-164,1,"[1238.073, 790.691, 1280.618, 796.255]","[1238.073, 790.691, 1243.964, 796.255]",3,angularity,0.209780,perpendicularity,0.189367,0.020413,ranking_only_no_global_threshold,,,,,,
GDT-V2-P01-165,1,"[228.764, 841.091, 239.236, 849.273]","[228.764, 841.091, 233.345, 849.273]",2,position,0.375610,parallelism,0.369882,0.005728,ranking_only_no_global_threshold,,,,,,
GDT-V2-P01-166,1,"[659.455, 877.091, 670.582, 923.564]","[659.455, 888.873, 664.364, 923.564]",2,total_runout,0.241733,angularity,0.228726,0.013007,ranking_only_no_global_threshold,,,,,,
GDT-V2-P01-167,1,"[580.255, 894.109, 638.836, 918.655]","[580.255, 894.109, 596.291, 917.345]",3,position,0.275161,perpendicularity,0.243817,0.031343,ranking_only_no_global_threshold,,,,,,
GDT-V2-P01-168,1,"[1043.673, 896.727, 1079.673, 901.964]","[1043.673, 896.727, 1053.164, 901.964]",2,perpendicularity,0.330946,position,0.228251,0.102695,ranking_only_no_global_threshold,,,,,,
GDT-V2-P01-169,1,"[270.0, 901.309, 287.018, 941.236]","[270.0, 903.273, 278.509, 941.236]",2,angularity,0.620804,circular_runout,0.233094,0.38771,ranking_only_no_global_threshold,,,,,,
GDT-V2-P01-170,1,"[503.018, 911.782, 531.491, 925.855]","[503.018, 911.782, 525.6, 925.855]",2,angularity,-0.600000,circular_runout,-0.600000,0.0,ranking_only_no_global_threshold,,,,,,
GDT-V2-P01-171,1,"[588.109, 916.691, 638.836, 930.764]","[588.109, 916.691, 597.273, 925.527]",3,perpendicularity,0.233230,parallelism,0.218062,0.015168,ranking_only_no_global_threshold,,,,,,
GDT-V2-P01-172,1,"[648.327, 923.236, 664.364, 933.709]","[648.327, 923.564, 659.455, 933.709]",2,angularity,-0.600000,circular_runout,-0.600000,0.0,ranking_only_no_global_threshold,,,,,,
GDT-V2-P01-173,1,"[526.582, 926.182, 594.327, 932.727]","[526.582, 927.164, 542.291, 932.727]",3,flatness,0.287748,profile,0.254156,0.033592,ranking_only_no_global_threshold,,,,,,
GDT-V2-P01-174,1,"[596.291, 930.764, 638.836, 948.109]","[596.291, 930.764, 633.927, 948.109]",2,straightness,0.608466,symmetry,0.517872,0.090593,ranking_only_no_global_threshold,,,,,,
GDT-V2-P01-175,1,"[648.327, 933.709, 664.364, 960.873]","[648.327, 933.709, 659.455, 960.873]",2,angularity,-0.600000,circular_runout,-0.600000,0.0,ranking_only_no_global_threshold,,,,,,
GDT-V2-P01-176,1,"[1707.709, 936.327, 1723.418, 944.836]","[1707.709, 936.982, 1711.964, 944.836]",3,parallelism,0.364281,position,0.354765,0.009516,ranking_only_no_global_threshold,,,,,,
GDT-V2-P01-177,1,"[596.291, 946.473, 638.836, 953.673]","[596.291, 946.473, 634.255, 953.018]",2,straightness,0.648054,symmetry,0.488088,0.159966,ranking_only_no_global_threshold,,,,,,
GDT-V2-P01-178,1,"[2122.036, 959.236, 2131.855, 969.055]","[2122.036, 959.891, 2126.945, 969.055]",2,circular_runout,0.431609,perpendicularity,0.395896,0.035713,ranking_only_no_global_threshold,,,,,,
GDT-V2-P01-179,1,"[1062.982, 961.527, 1077.709, 975.927]","[1062.982, 961.527, 1082.291, 975.927]",2,position,0.606936,symmetry,0.541021,0.065915,ranking_only_no_global_threshold,,,,,,
GDT-V2-P01-180,1,"[1082.291, 961.527, 1126.145, 975.927]","[1082.291, 961.527, 1102.582, 975.927]",2,cylindricity,0.389243,position,0.355404,0.033839,ranking_only_no_global_threshold,,,,,,
GDT-V2-P01-181,1,"[1182.764, 986.073, 1191.273, 993.927]","[1182.764, 986.073, 1185.709, 992.618]",2,circular_runout,0.423956,position,0.419463,0.004493,ranking_only_no_global_threshold,,,,,,
GDT-V2-P01-182,1,"[784.473, 999.164, 795.273, 1007.345]","[784.473, 999.164, 790.036, 1007.345]",2,parallelism,0.365212,cylindricity,0.341991,0.023221,ranking_only_no_global_threshold,,,,,,
GDT-V2-P01-183,1,"[801.818, 999.164, 823.745, 1007.345]","[801.818, 999.164, 807.055, 1007.345]",3,cylindricity,0.356264,parallelism,0.338133,0.018131,ranking_only_no_global_threshold,,,,,,
GDT-V2-P01-184,1,"[1073.455, 1021.418, 1083.273, 1029.273]","[1073.455, 1022.4, 1077.709, 1029.273]",2,circular_runout,0.438189,position,0.324085,0.114104,ranking_only_no_global_threshold,,,,,,
GDT-V2-P01-185,1,"[235.964, 1032.218, 269.018, 1071.164]","[235.964, 1039.418, 245.127, 1065.6]",3,perpendicularity,0.483220,position,0.250932,0.232288,ranking_only_no_global_threshold,,,,,,
GDT-V2-P01-186,1,"[224.836, 1043.018, 236.618, 1061.673]","[224.836, 1047.273, 232.691, 1059.055]",2,position,0.337548,perpendicularity,0.266970,0.070578,ranking_only_no_global_threshold,,,,,,
GDT-V2-P01-187,1,"[1093.091, 1045.964, 1103.236, 1054.145]","[1093.091, 1046.291, 1098.327, 1053.491]",2,cylindricity,0.374180,position,0.367108,0.007071,ranking_only_no_global_threshold,,,,,,
GDT-V2-P01-188,1,"[580.582, 1059.709, 590.727, 1067.564]","[580.582, 1059.709, 584.836, 1067.564]",2,circular_runout,0.538862,position,0.415847,0.123015,ranking_only_no_global_threshold,,,,,,
GDT-V2-P01-189,1,"[1819.636, 1075.418, 1916.509, 1103.891]","[1819.636, 1075.418, 1876.582, 1103.891]",2,perpendicularity,0.541000,position,0.488551,0.052449,ranking_only_no_global_threshold,,,,,,
GDT-V2-P01-190,1,"[365.564, 1079.673, 374.073, 1083.273]","[365.564, 1079.673, 369.491, 1083.273]",2,flatness,0.334936,circularity,0.280890,0.054046,ranking_only_no_global_threshold,,,,,,
GDT-V2-P01-191,1,"[1914.218, 1087.2, 1931.891, 1090.8]","[1914.218, 1087.2, 1927.964, 1090.8]",2,straightness,0.334262,symmetry,0.316657,0.017605,ranking_only_no_global_threshold,,,,,,
GDT-V2-P01-192,1,"[1916.182, 1098.327, 1949.564, 1103.236]","[1916.182, 1098.327, 1929.6, 1103.236]",2,circularity,0.206291,flatness,0.175134,0.031157,ranking_only_no_global_threshold,,,,,,
GDT-V2-P01-193,1,"[1997.018, 1107.818, 2034.982, 1117.309]","[1997.018, 1107.818, 2016.0, 1117.309]",2,profile,0.182584,position,0.173424,0.00916,ranking_only_no_global_threshold,,,,,,
GDT-V2-P01-194,1,"[1351.309, 1113.055, 1357.855, 1122.218]","[1351.309, 1115.345, 1355.564, 1122.218]",2,parallelism,0.287311,cylindricity,0.271812,0.015499,ranking_only_no_global_threshold,,,,,,
GDT-V2-P01-195,1,"[1278.982, 1144.8, 1305.491, 1151.673]","[1278.982, 1145.127, 1288.145, 1151.673]",3,circularity,0.233818,flatness,0.192448,0.041371,ranking_only_no_global_threshold,,,,,,
GDT-V2-P01-196,1,"[1262.618, 1147.091, 1278.655, 1151.673]","[1262.618, 1148.073, 1272.764, 1151.345]",2,straightness,0.600558,symmetry,0.407517,0.193041,ranking_only_no_global_threshold,,,,,,
GDT-V2-P01-197,1,"[1243.309, 1172.618, 1268.182, 1178.509]","[1243.309, 1172.618, 1264.909, 1178.509]",2,straightness,0.561427,symmetry,0.422870,0.138558,ranking_only_no_global_threshold,,,,,,
GDT-V2-P01-198,1,"[2202.873, 1183.091, 2224.145, 1208.945]","[2202.873, 1183.091, 2217.927, 1208.945]",2,cylindricity,0.233758,parallelism,0.171783,0.061975,ranking_only_no_global_threshold,,,,,,
GDT-V2-P01-199,1,"[1384.036, 1199.782, 1395.164, 1210.255]","[1384.036, 1202.727, 1388.291, 1210.255]",2,circular_runout,0.523878,position,0.333733,0.190144,ranking_only_no_global_threshold,,,,,,
GDT-V2-P01-200,1,"[1299.927, 1220.727, 1324.8, 1249.527]","[1299.927, 1220.727, 1305.491, 1248.545]",3,angularity,-0.600000,circular_runout,-0.600000,0.0,ranking_only_no_global_threshold,,,,,,
GDT-V2-P01-201,1,"[1009.636, 1231.527, 1014.873, 1248.545]","[1009.636, 1231.527, 1025.018, 1246.582]",2,position,0.338718,circular_runout,0.301940,0.036777,ranking_only_no_global_threshold,,,,,,
GDT-V2-P01-202,1,"[533.127, 1231.855, 592.036, 1259.345]","[533.127, 1231.855, 585.818, 1259.345]",2,straightness,0.361367,symmetry,0.292673,0.068694,ranking_only_no_global_threshold,,,,,,
GDT-V2-P01-203,1,"[988.691, 1232.836, 1006.036, 1246.255]","[988.691, 1232.836, 993.273, 1246.255]",2,parallelism,0.326398,cylindricity,0.309950,0.016448,ranking_only_no_global_threshold,,,,,,
GDT-V2-P01-204,1,"[201.927, 1239.382, 316.8, 1274.727]","[201.927, 1250.836, 280.473, 1273.091]",4,straightness,0.413997,profile,0.302322,0.111675,ranking_only_no_global_threshold,,,,,,
GDT-V2-P01-205,1,"[979.2, 1248.218, 989.018, 1260.655]","[979.2, 1248.218, 984.764, 1260.655]",2,angularity,-0.600000,circular_runout,-0.600000,0.0,ranking_only_no_global_threshold,,,,,,
GDT-V2-P01-206,1,"[2229.709, 1257.709, 2244.436, 1271.782]","[2229.709, 1257.709, 2249.018, 1271.782]",2,position,0.602809,symmetry,0.546957,0.055851,ranking_only_no_global_threshold,,,,,,
GDT-V2-P01-207,1,"[2249.018, 1257.709, 2303.673, 1271.782]","[2249.018, 1257.709, 2280.764, 1271.782]",3,profile,0.319066,position,0.313086,0.00598,ranking_only_no_global_threshold,,,,,,
GDT-V2-P01-208,1,"[540.0, 1297.636, 626.727, 1306.8]","[540.0, 1297.636, 554.727, 1305.491]",3,flatness,0.291689,cylindricity,0.239185,0.052504,ranking_only_no_global_threshold,,,,,,
GDT-V2-P01-209,1,"[526.582, 1305.491, 533.127, 1319.891]","[526.582, 1305.491, 530.509, 1319.891]",2,perpendicularity,0.523437,position,0.305279,0.218158,ranking_only_no_global_threshold,,,,,,
GDT-V2-P01-210,1,"[1078.036, 1307.127, 1091.127, 1315.636]","[1078.036, 1307.127, 1087.527, 1315.636]",2,angularity,-0.600000,circular_runout,-0.600000,0.0,ranking_only_no_global_threshold,,,,,,
GDT-V2-P01-211,1,"[1899.491, 1308.764, 1921.418, 1316.945]","[1899.491, 1309.091, 1904.073, 1316.945]",5,circular_runout,0.419246,perpendicularity,0.248587,0.170659,ranking_only_no_global_threshold,,,,,,
GDT-V2-P01-212,1,"[1078.036, 1315.636, 1096.364, 1320.218]","[1078.036, 1315.636, 1087.527, 1320.218]",3,angularity,-0.600000,circular_runout,-0.600000,0.0,ranking_only_no_global_threshold,,,,,,
GDT-V2-P01-213,1,"[529.2, 1319.891, 538.691, 1325.782]","[529.2, 1319.891, 533.127, 1325.782]",2,angularity,-0.600000,circular_runout,-0.600000,0.0,ranking_only_no_global_threshold,,,,,,
GDT-V2-P01-214,1,"[635.564, 1319.891, 647.345, 1325.782]","[635.564, 1319.891, 640.8, 1325.782]",2,angularity,-0.600000,circular_runout,-0.600000,0.0,ranking_only_no_global_threshold,,,,,,
GDT-V2-P01-215,1,"[1041.709, 1319.891, 1049.891, 1325.782]","[1041.709, 1319.891, 1044.655, 1325.782]",2,position,0.253944,cylindricity,0.221552,0.032393,ranking_only_no_global_threshold,,,,,,
GDT-V2-P01-216,1,"[1087.527, 1319.891, 1096.364, 1335.6]","[1087.527, 1319.891, 1091.127, 1335.6]",2,position,0.483460,straightness,0.426299,0.057161,ranking_only_no_global_threshold,,,,,,
GDT-V2-P01-217,1,"[2030.727, 1321.2, 2040.545, 1329.382]","[2030.727, 1321.2, 2035.309, 1329.382]",2,circular_runout,0.407713,parallelism,0.379292,0.028421,ranking_only_no_global_threshold,,,,,,
GDT-V2-P01-218,1,"[1927.309, 1321.527, 1949.891, 1329.382]","[1927.309, 1321.527, 1932.218, 1329.382]",4,parallelism,0.527162,cylindricity,0.388027,0.139135,ranking_only_no_global_threshold,,,,,,
GDT-V2-P01-219,1,"[1995.709, 1321.527, 2006.182, 1329.382]","[1995.709, 1321.527, 2000.618, 1329.382]",2,parallelism,0.430210,cylindricity,0.376482,0.053728,ranking_only_no_global_threshold,,,,,,
GDT-V2-P01-220,1,"[2080.8, 1321.527, 2113.855, 1329.382]","[2080.8, 1321.527, 2084.727, 1329.382]",6,circular_runout,0.389365,perpendicularity,0.352084,0.037282,ranking_only_no_global_threshold,,,,,,
GDT-V2-P01-221,1,"[2137.091, 1321.527, 2148.218, 1329.382]","[2137.091, 1321.527, 2142.655, 1329.382]",2,parallelism,0.378503,cylindricity,0.339879,0.038623,ranking_only_no_global_threshold,,,,,,
GDT-V2-P01-222,1,"[1978.691, 1323.491, 1993.418, 1329.382]","[1978.691, 1323.818, 1981.964, 1329.055]",3,cylindricity,0.197657,circularity,0.196052,0.001605,ranking_only_no_global_threshold,,,,,,
GDT-V2-P01-223,1,"[2052.327, 1323.491, 2061.164, 1329.382]","[2052.327, 1324.8, 2055.927, 1328.727]",2,cylindricity,0.172302,parallelism,0.149592,0.02271,ranking_only_no_global_threshold,,,,,,
GDT-V2-P01-224,1,"[232.036, 1324.145, 268.036, 1358.182]","[232.036, 1329.382, 238.582, 1353.273]",2,angularity,-0.600000,circular_runout,-0.600000,0.0,ranking_only_no_global_threshold,,,,,,
GDT-V2-P01-225,1,"[526.582, 1325.782, 535.745, 1346.073]","[526.582, 1325.782, 530.836, 1346.073]",2,perpendicularity,0.347034,position,0.323542,0.023492,ranking_only_no_global_threshold,,,,,,
GDT-V2-P01-226,1,"[2163.927, 1333.309, 2194.036, 1344.109]","[2163.927, 1334.945, 2183.236, 1343.455]",2,profile,0.389560,position,0.306103,0.083457,ranking_only_no_global_threshold,,,,,,
GDT-V2-P01-227,1,"[1938.764, 1335.273, 1955.127, 1343.455]","[1938.764, 1335.273, 1944.0, 1343.127]",3,circular_runout,0.439472,perpendicularity,0.304794,0.134678,ranking_only_no_global_threshold,,,,,,
GDT-V2-P01-228,1,"[1990.145, 1335.273, 2005.855, 1343.455]","[1990.145, 1335.273, 1993.745, 1343.127]",3,circular_runout,0.628802,position,0.434431,0.194371,ranking_only_no_global_threshold,,,,,,
GDT-V2-P01-229,1,"[2018.618, 1335.273, 2029.418, 1343.455]","[2018.618, 1335.273, 2023.2, 1343.127]",2,cylindricity,0.421595,parallelism,0.400017,0.021578,ranking_only_no_global_threshold,,,,,,
GDT-V2-P01-230,1,"[2114.836, 1335.273, 2130.873, 1343.455]","[2114.836, 1335.273, 2119.418, 1343.455]",3,circular_runout,0.434128,perpendicularity,0.262293,0.171834,ranking_only_no_global_threshold,,,,,,
GDT-V2-P01-231,1,"[2149.855, 1335.273, 2159.018, 1343.127]","[2149.855, 1335.273, 2154.436, 1343.127]",2,circular_runout,0.408625,parallelism,0.390320,0.018305,ranking_only_no_global_threshold,,,,,,
GDT-V2-P01-232,1,"[2217.273, 1335.273, 2228.4, 1343.455]","[2217.273, 1335.273, 2222.836, 1343.455]",2,parallelism,0.368685,cylindricity,0.344258,0.024427,ranking_only_no_global_threshold,,,,,,
GDT-V2-P01-233,1,"[1078.036, 1335.6, 1091.127, 1344.436]","[1078.036, 1335.6, 1087.527, 1344.436]",2,angularity,-0.600000,circular_runout,-0.600000,0.0,ranking_only_no_global_threshold,,,,,,
GDT-V2-P01-234,1,"[1967.236, 1335.6, 1972.473, 1343.127]","[1967.236, 1337.236, 1970.836, 1343.127]",2,cylindricity,0.270899,perpendicularity,0.267005,0.003894,ranking_only_no_global_threshold,,,,,,
GDT-V2-P01-235,1,"[2074.909, 1335.6, 2080.145, 1343.127]","[2074.909, 1337.236, 2078.509, 1343.127]",2,perpendicularity,0.262256,cylindricity,0.262147,0.000109,ranking_only_no_global_threshold,,,,,,
GDT-V2-P01-236,1,"[554.4, 1344.764, 626.727, 1351.309]","[554.4, 1345.418, 592.691, 1351.309]",2,straightness,0.553894,symmetry,0.449816,0.104078,ranking_only_no_global_threshold,,,,,,
GDT-V2-P01-237,1,"[1927.964, 1350.0, 1949.236, 1358.182]","[1927.964, 1350.0, 1932.545, 1357.855]",4,position,0.358052,cylindricity,0.304623,0.05343,ranking_only_no_global_threshold,,,,,,
GDT-V2-P01-238,1,"[1956.109, 1350.0, 1989.818, 1358.182]","[1956.109, 1350.0, 1960.691, 1357.855]",6,parallelism,0.397064,position,0.369358,0.027706,ranking_only_no_global_threshold,,,,,,
GDT-V2-P01-239,1,"[2001.6, 1350.0, 2011.745, 1358.182]","[2001.6, 1350.0, 2005.2, 1357.855]",2,circular_runout,0.603517,position,0.402790,0.200727,ranking_only_no_global_threshold,,,,,,
GDT-V2-P01-240,1,"[2018.291, 1350.0, 2029.745, 1357.855]","[2018.291, 1350.0, 2023.2, 1357.855]",2,parallelism,0.622576,cylindricity,0.504013,0.118563,ranking_only_no_global_threshold,,,,,,
GDT-V2-P01-241,1,"[2035.636, 1350.0, 2044.8, 1357.855]","[2035.636, 1350.0, 2040.218, 1357.855]",2,parallelism,0.485213,cylindricity,0.446855,0.038357,ranking_only_no_global_threshold,,,,,,
GDT-V2-P01-242,1,"[2052.655, 1350.0, 2068.364, 1358.182]","[2052.655, 1350.0, 2056.255, 1357.855]",3,circular_runout,0.615638,position,0.408229,0.207409,ranking_only_no_global_threshold,,,,,,
GDT-V2-P01-243,1,"[2092.255, 1350.0, 2113.855, 1358.182]","[2092.255, 1350.327, 2096.836, 1357.2]",4,position,0.299842,cylindricity,0.255870,0.043971,ranking_only_no_global_threshold,,,,,,
GDT-V2-P01-244,1,"[2097.818, 1350.0, 2130.873, 1358.182]","[2097.818, 1350.0, 2102.4, 1357.855]",6,parallelism,0.598431,cylindricity,0.499986,0.098445,ranking_only_no_global_threshold,,,,,,
GDT-V2-P01-245,1,"[2137.091, 1350.0, 2147.891, 1358.182]","[2137.091, 1350.0, 2142.655, 1358.182]",2,cylindricity,0.363813,parallelism,0.362584,0.001229,ranking_only_no_global_threshold,,,,,,
GDT-V2-P01-246,1,"[2177.345, 1350.0, 2187.491, 1358.182]","[2177.345, 1350.0, 2181.927, 1357.855]",2,position,0.367664,parallelism,0.338358,0.029306,ranking_only_no_global_threshold,,,,,,
GDT-V2-P01-247,1,"[2012.4, 1350.327, 2017.636, 1357.527]","[2012.4, 1352.291, 2016.0, 1357.527]",2,cylindricity,0.230750,parallelism,0.211402,0.019348,ranking_only_no_global_threshold,,,,,,
GDT-V2-P01-248,1,"[2069.345, 1350.327, 2074.255, 1357.527]","[2069.345, 1351.636, 2072.618, 1357.527]",2,parallelism,0.275580,circular_runout,0.271019,0.004562,ranking_only_no_global_threshold,,,,,,
GDT-V2-P01-249,1,"[2160.0, 1350.327, 2176.364, 1357.855]","[2160.0, 1351.964, 2163.273, 1357.855]",4,perpendicularity,0.271328,cylindricity,0.267523,0.003805,ranking_only_no_global_threshold,,,,,,
GDT-V2-P01-250,1,"[2216.618, 1350.327, 2221.855, 1357.855]","[2216.618, 1351.964, 2220.218, 1357.855]",2,perpendicularity,0.255521,cylindricity,0.254342,0.001179,ranking_only_no_global_threshold,,,,,,
GDT-V2-P01-251,1,"[2233.964, 1353.6, 2243.127, 1357.527]","[2233.964, 1353.6, 2237.236, 1357.527]",2,perpendicularity,0.221180,angularity,0.179924,0.041255,ranking_only_no_global_threshold,,,,,,
GDT-V2-P01-252,1,"[894.764, 1357.855, 909.818, 1361.782]","[894.764, 1358.182, 901.309, 1361.782]",2,profile,0.413207,position,0.375334,0.037873,ranking_only_no_global_threshold,,,,,,
GDT-V2-P01-253,1,"[1927.636, 1362.764, 1942.364, 1370.945]","[1927.636, 1362.764, 1932.545, 1370.945]",3,parallelism,0.561711,cylindricity,0.451067,0.110644,ranking_only_no_global_threshold,,,,,,
GDT-V2-P01-254,1,"[1950.218, 1362.764, 1977.055, 1370.945]","[1950.218, 1362.764, 1955.455, 1370.945]",5,circular_runout,0.430137,perpendicularity,0.307211,0.122925,ranking_only_no_global_threshold,,,,,,
GDT-V2-P01-255,1,"[1979.673, 1362.764, 1994.727, 1370.945]","[1979.673, 1362.764, 1984.255, 1370.618]",4,circular_runout,0.409252,parallelism,0.403789,0.005463,ranking_only_no_global_threshold,,,,,,
GDT-V2-P01-256,1,"[2007.164, 1362.764, 2028.764, 1370.945]","[2007.164, 1362.764, 2011.745, 1370.945]",4,position,0.377789,parallelism,0.336876,0.040913,ranking_only_no_global_threshold,,,,,,
GDT-V2-P01-257,1,"[2035.309, 1362.764, 2069.345, 1370.945]","[2035.309, 1362.764, 2040.218, 1370.945]",6,parallelism,0.413047,position,0.361302,0.051745,ranking_only_no_global_threshold,,,,,,
GDT-V2-P01-258,1,"[2080.8, 1362.764, 2108.291, 1370.945]","[2080.8, 1362.764, 2084.727, 1370.945]",6,circular_runout,0.581463,position,0.413676,0.167787,ranking_only_no_global_threshold,,,,,,
GDT-V2-P01-259,1,"[2091.927, 1362.764, 2113.855, 1370.945]","[2091.927, 1364.727, 2095.527, 1370.618]",5,cylindricity,0.233806,circularity,0.211848,0.021958,ranking_only_no_global_threshold,,,,,,
GDT-V2-P01-260,1,"[2120.4, 1362.764, 2129.891, 1370.945]","[2120.4, 1362.764, 2125.309, 1370.945]",2,circular_runout,0.403191,perpendicularity,0.256864,0.146326,ranking_only_no_global_threshold,,,,,,
GDT-V2-P01-261,1,"[2138.4, 1362.764, 2148.218, 1370.618]","[2138.4, 1362.764, 2142.982, 1370.618]",3,parallelism,0.417012,circular_runout,0.397023,0.019989,ranking_only_no_global_threshold,,,,,,
GDT-V2-P01-262,1,"[2155.418, 1362.764, 2164.909, 1370.618]","[2155.418, 1362.764, 2160.0, 1370.618]",2,parallelism,0.420890,circular_runout,0.385950,0.034941,ranking_only_no_global_threshold,,,,,,
GDT-V2-P01-263,1,"[2194.036, 1362.764, 2203.527, 1370.618]","[2194.036, 1362.764, 2198.945, 1369.964]",2,position,0.308502,circular_runout,0.306797,0.001705,ranking_only_no_global_threshold,,,,,,
GDT-V2-P01-264,1,"[1940.073, 1375.2, 1970.836, 1383.382]","[1940.073, 1375.2, 1944.655, 1383.382]",6,circular_runout,0.403904,parallelism,0.398650,0.005254,ranking_only_no_global_threshold,,,,,,
GDT-V2-P01-265,1,"[1978.364, 1375.2, 2006.836, 1383.382]","[1978.364, 1375.2, 1983.273, 1383.382]",5,parallelism,0.531063,cylindricity,0.392595,0.138468,ranking_only_no_global_threshold,,,,,,
GDT-V2-P01-266,1,"[2012.727, 1375.2, 2040.545, 1383.382]","[2012.727, 1375.2, 2016.655, 1383.382]",5,circular_runout,0.633237,position,0.416086,0.217151,ranking_only_no_global_threshold,,,,,,
GDT-V2-P01-267,1,"[2079.491, 1375.2, 2089.309, 1383.382]","[2079.491, 1375.2, 2084.727, 1383.382]",2,circular_runout,0.422709,perpendicularity,0.281493,0.141216,ranking_only_no_global_threshold,,,,,,
GDT-V2-P01-268,1,"[522.0, 1379.455, 531.491, 1390.909]","[522.0, 1379.455, 525.6, 1390.909]",2,angularity,-0.600000,circular_runout,-0.600000,0.0,ranking_only_no_global_threshold,,,,,,
GDT-V2-P01-269,1,"[979.2, 1379.455, 989.018, 1391.564]","[979.2, 1379.455, 984.764, 1391.564]",2,angularity,-0.600000,circular_runout,-0.600000,0.0,ranking_only_no_global_threshold,,,,,,
GDT-V2-P01-270,1,"[595.636, 1381.745, 644.4, 1386.655]","[595.636, 1382.073, 635.236, 1386.655]",2,straightness,0.714358,symmetry,0.525601,0.188757,ranking_only_no_global_threshold,,,,,,
GDT-V2-P01-271,1,"[1605.6, 1385.018, 1616.4, 1393.2]","[1605.6, 1385.018, 1611.164, 1393.2]",2,cylindricity,0.367130,parallelism,0.339339,0.027791,ranking_only_no_global_threshold,,,,,,
GDT-V2-P01-272,1,"[1622.945, 1385.018, 1633.418, 1393.2]","[1622.945, 1385.018, 1628.182, 1393.2]",2,cylindricity,0.356425,flatness,0.310885,0.04554,ranking_only_no_global_threshold,,,,,,
GDT-V2-P01-273,1,"[1933.527, 1387.636, 1965.6, 1395.818]","[1933.527, 1387.636, 1938.109, 1395.818]",6,circular_runout,0.426861,perpendicularity,0.256321,0.170541,ranking_only_no_global_threshold,,,,,,
GDT-V2-P01-274,1,"[1950.545, 1387.636, 1970.836, 1395.818]","[1950.545, 1387.636, 1955.127, 1395.818]",4,position,0.371896,parallelism,0.344371,0.027525,ranking_only_no_global_threshold,,,,,,
GDT-V2-P01-275,1,"[1978.364, 1387.636, 2006.836, 1395.818]","[1978.364, 1387.636, 1983.273, 1395.818]",5,parallelism,0.532128,cylindricity,0.394057,0.138071,ranking_only_no_global_threshold,,,,,,
GDT-V2-P01-276,1,"[2012.727, 1387.636, 2040.545, 1395.818]","[2012.727, 1387.636, 2016.655, 1395.818]",5,circular_runout,0.632203,position,0.413270,0.218933,ranking_only_no_global_threshold,,,,,,
GDT-V2-P01-277,1,"[2079.491, 1387.636, 2089.309, 1395.818]","[2079.491, 1387.636, 2084.727, 1395.818]",2,circular_runout,0.421533,perpendicularity,0.282269,0.139263,ranking_only_no_global_threshold,,,,,,
GDT-V2-P01-278,1,"[1014.545, 1391.564, 1030.582, 1398.109]","[1014.545, 1391.564, 1024.691, 1398.109]",2,angularity,-0.600000,circular_runout,-0.600000,0.0,ranking_only_no_global_threshold,,,,,,
GDT-V2-P01-279,1,"[1933.527, 1400.073, 1943.673, 1408.255]","[1933.527, 1400.073, 1937.127, 1408.255]",2,circular_runout,0.613511,position,0.444693,0.168818,ranking_only_no_global_threshold,,,,,,
GDT-V2-P01-280,1,"[1969.2, 1400.073, 1978.691, 1408.255]","[1969.2, 1400.4, 1972.473, 1405.964]",2,perpendicularity,0.333724,parallelism,0.313011,0.020712,ranking_only_no_global_threshold,,,,,,
GDT-V2-P01-281,1,"[1990.145, 1400.073, 2000.945, 1408.255]","[1990.145, 1400.073, 1994.727, 1408.255]",2,cylindricity,0.406033,parallelism,0.392484,0.013549,ranking_only_no_global_threshold,,,,,,
GDT-V2-P01-282,1,"[2023.527, 1400.073, 2034.327, 1408.255]","[2023.527, 1400.073, 2029.418, 1408.255]",2,parallelism,0.368812,cylindricity,0.336613,0.032199,ranking_only_no_global_threshold,,,,,,
GDT-V2-P01-283,1,"[2063.455, 1400.073, 2073.273, 1408.255]","[2063.455, 1400.073, 2068.691, 1408.255]",2,circular_runout,0.438292,perpendicularity,0.266590,0.171703,ranking_only_no_global_threshold,,,,,,
GDT-V2-P01-284,1,"[635.236, 1406.945, 643.091, 1424.618]","[635.236, 1406.945, 638.182, 1424.618]",2,angularity,-0.600000,circular_runout,-0.600000,0.0,ranking_only_no_global_threshold,,,,,,
GDT-V2-P01-285,1,"[1934.836, 1412.509, 1949.564, 1420.691]","[1934.836, 1412.509, 1944.0, 1420.691]",2,position,0.306868,cylindricity,0.297955,0.008913,ranking_only_no_global_threshold,,,,,,
GDT-V2-P01-286,1,"[1956.109, 1412.509, 1978.691, 1420.691]","[1956.109, 1412.509, 1960.691, 1420.691]",4,circular_runout,0.435332,perpendicularity,0.265037,0.170295,ranking_only_no_global_threshold,,,,,,
GDT-V2-P01-287,1,"[1995.382, 1412.509, 2006.509, 1420.691]","[1995.382, 1412.509, 2000.291, 1420.691]",2,parallelism,0.532898,cylindricity,0.391285,0.141613,ranking_only_no_global_threshold,,,,,,
GDT-V2-P01-288,1,"[2018.291, 1412.509, 2044.473, 1420.691]","[2018.291, 1412.509, 2027.127, 1420.691]",4,parallelism,0.357577,circular_runout,0.331791,0.025786,ranking_only_no_global_threshold,,,,,,
GDT-V2-P01-289,1,"[2052.655, 1412.509, 2085.709, 1420.691]","[2052.655, 1412.509, 2057.236, 1420.691]",6,circular_runout,0.439005,perpendicularity,0.270867,0.168138,ranking_only_no_global_threshold,,,,,,
GDT-V2-P01-290,1,"[2097.491, 1412.509, 2117.782, 1420.691]","[2097.491, 1412.509, 2102.727, 1420.691]",4,circular_runout,0.448742,perpendicularity,0.277812,0.17093,ranking_only_no_global_threshold,,,,,,
GDT-V2-P01-291,1,"[2120.4, 1412.509, 2129.891, 1420.691]","[2120.4, 1412.509, 2125.636, 1420.691]",2,cylindricity,0.355051,flatness,0.306421,0.04863,ranking_only_no_global_threshold,,,,,,
GDT-V2-P01-292,1,"[2138.727, 1412.509, 2159.673, 1420.691]","[2138.727, 1412.509, 2142.982, 1420.691]",4,parallelism,0.410868,circular_runout,0.354907,0.05596,ranking_only_no_global_threshold,,,,,,
GDT-V2-P01-293,1,"[2165.236, 1412.509, 2175.382, 1420.691]","[2165.236, 1412.509, 2170.473, 1420.691]",2,parallelism,0.526515,total_runout,0.367182,0.159333,ranking_only_no_global_threshold,,,,,,
GDT-V2-P01-294,1,"[2178.327, 1412.509, 2188.145, 1420.691]","[2178.327, 1412.509, 2182.582, 1420.691]",2,parallelism,0.405559,circular_runout,0.390101,0.015458,ranking_only_no_global_threshold,,,,,,
GDT-V2-P01-295,1,"[2194.364, 1412.509, 2210.073, 1420.691]","[2194.364, 1412.509, 2197.964, 1420.691]",3,circular_runout,0.600672,position,0.453074,0.147598,ranking_only_no_global_threshold,,,,,,
GDT-V2-P01-296,1,"[2222.509, 1412.509, 2242.8, 1420.691]","[2222.509, 1412.509, 2227.091, 1420.691]",4,parallelism,0.561596,total_runout,0.406703,0.154893,ranking_only_no_global_threshold,,,,,,
GDT-V2-P01-297,1,"[2250.327, 1412.509, 2261.455, 1420.691]","[2250.327, 1412.509, 2256.218, 1420.691]",2,parallelism,0.368275,cylindricity,0.341525,0.026751,ranking_only_no_global_threshold,,,,,,
GDT-V2-P01-298,1,"[2272.909, 1412.509, 2296.145, 1420.691]","[2272.909, 1412.509, 2278.145, 1420.691]",4,parallelism,0.545555,total_runout,0.377398,0.168157,ranking_only_no_global_threshold,,,,,,
GDT-V2-P01-299,1,"[1927.636, 1414.473, 1936.473, 1420.364]","[1927.636, 1414.473, 1930.909, 1420.364]",2,perpendicularity,0.280362,parallelism,0.254271,0.026091,ranking_only_no_global_threshold,,,,,,
GDT-V2-P01-300,1,"[1984.255, 1414.473, 1993.091, 1420.364]","[1984.255, 1414.473, 1987.527, 1420.364]",2,perpendicularity,0.289944,parallelism,0.282021,0.007923,ranking_only_no_global_threshold,,,,,,
GDT-V2-P01-301,1,"[1011.273, 1416.436, 1030.255, 1424.945]","[1011.273, 1416.436, 1026.0, 1424.945]",2,circularity,0.255052,concentricity_coaxiality,0.190649,0.064403,ranking_only_no_global_threshold,,,,,,
GDT-V2-P01-302,1,"[995.891, 1419.055, 1010.945, 1427.891]","[995.891, 1419.055, 1003.091, 1427.891]",2,perpendicularity,0.440018,position,0.318187,0.121831,ranking_only_no_global_threshold,,,,,,
GDT-V2-P01-303,1,"[635.236, 1424.291, 642.436, 1429.2]","[635.236, 1425.273, 638.836, 1429.2]",2,perpendicularity,0.207073,circularity,0.132283,0.07479,ranking_only_no_global_threshold,,,,,,
GDT-V2-P01-304,1,"[1927.309, 1424.945, 1944.0, 1433.127]","[1927.309, 1425.273, 1930.909, 1433.127]",4,perpendicularity,0.468367,circular_runout,0.459587,0.008781,ranking_only_no_global_threshold,,,,,,
GDT-V2-P01-305,1,"[1950.545, 1424.945, 1964.945, 1433.127]","[1950.545, 1425.273, 1955.127, 1433.127]",3,position,0.374804,parallelism,0.340604,0.0342,ranking_only_no_global_threshold,,,,,,
GDT-V2-P01-306,1,"[1972.473, 1424.945, 1983.927, 1433.127]","[1972.473, 1424.945, 1978.364, 1433.127]",2,parallelism,0.373959,cylindricity,0.345797,0.028162,ranking_only_no_global_threshold,,,,,,
GDT-V2-P01-307,1,"[1989.491, 1424.945, 2016.655, 1433.127]","[1989.491, 1424.945, 1995.382, 1433.127]",5,parallelism,0.369943,cylindricity,0.350029,0.019914,ranking_only_no_global_threshold,,,,,,
GDT-V2-P01-308,1,"[2023.527, 1424.945, 2034.327, 1433.127]","[2023.527, 1424.945, 2029.418, 1433.127]",2,parallelism,0.372606,cylindricity,0.341958,0.030649,ranking_only_no_global_threshold,,,,,,
GDT-V2-P01-309,1,"[2059.2, 1424.945, 2068.364, 1433.127]","[2059.2, 1424.945, 2063.782, 1433.127]",2,parallelism,0.413039,circular_runout,0.320157,0.092882,ranking_only_no_global_threshold,,,,,,
GDT-V2-P01-310,1,"[2086.691, 1424.945, 2107.309, 1433.127]","[2086.691, 1425.273, 2090.291, 1433.127]",4,circular_runout,0.601656,position,0.452586,0.14907,ranking_only_no_global_threshold,,,,,,
GDT-V2-P01-311,1,"[1006.364, 1428.873, 1026.655, 1434.764]","[1006.364, 1428.873, 1009.309, 1434.764]",2,angularity,-0.600000,circular_runout,-0.600000,0.0,ranking_only_no_global_threshold,,,,,,
GDT-V2-P01-312,1,"[1927.964, 1437.382, 1961.345, 1445.564]","[1927.964, 1437.709, 1932.545, 1445.564]",6,position,0.367561,parallelism,0.302227,0.065335,ranking_only_no_global_threshold,,,,,,
GDT-V2-P01-313,1,"[1944.327, 1437.382, 1966.255, 1445.564]","[1944.327, 1437.382, 1949.891, 1445.564]",4,parallelism,0.373309,cylindricity,0.345603,0.027706,ranking_only_no_global_threshold,,,,,,
GDT-V2-P01-314,1,"[2006.836, 1437.382, 2022.218, 1445.564]","[2006.836, 1437.709, 2012.073, 1445.564]",3,circular_runout,0.417153,perpendicularity,0.290714,0.126439,ranking_only_no_global_threshold,,,,,,
GDT-V2-P01-315,1,"[2053.636, 1437.382, 2069.018, 1445.564]","[2053.636, 1437.382, 2057.891, 1445.564]",3,circular_runout,0.414142,parallelism,0.384521,0.029621,ranking_only_no_global_threshold,,,,,,
GDT-V2-P01-316,1,"[2086.036, 1437.382, 2102.4, 1445.564]","[2086.036, 1437.709, 2091.6, 1445.564]",3,circular_runout,0.404989,perpendicularity,0.272210,0.132779,ranking_only_no_global_threshold,,,,,,
GDT-V2-P01-317,1,"[2029.745, 1437.709, 2046.436, 1445.564]","[2029.745, 1437.709, 2034.327, 1445.564]",3,parallelism,0.552986,cylindricity,0.439834,0.113152,ranking_only_no_global_threshold,,,,,,
GDT-V2-P01-318,1,"[281.127, 1447.855, 292.255, 1456.036]","[281.127, 1447.855, 287.018, 1456.036]",2,parallelism,0.379591,cylindricity,0.338011,0.04158,ranking_only_no_global_threshold,,,,,,
GDT-V2-P01-319,1,"[298.8, 1447.855, 320.727, 1455.709]","[298.8, 1447.855, 304.036, 1455.709]",4,cylindricity,0.344648,flatness,0.338197,0.006452,ranking_only_no_global_threshold,,,,,,
GDT-V2-P01-320,1,"[1927.964, 1450.145, 1938.436, 1458.0]","[1927.964, 1450.145, 1932.545, 1458.0]",2,cylindricity,0.458968,parallelism,0.385285,0.073683,ranking_only_no_global_threshold,,,,,,
GDT-V2-P01-321,1,"[1944.982, 1450.145, 1956.109, 1458.0]","[1944.982, 1450.145, 1949.236, 1458.0]",2,circular_runout,0.470219,position,0.261445,0.208774,ranking_only_no_global_threshold,,,,,,
GDT-V2-P01-322,1,"[1984.255, 1450.145, 2006.182, 1458.327]","[1984.255, 1450.145, 1989.491, 1458.0]",4,circular_runout,0.438588,perpendicularity,0.301275,0.137313,ranking_only_no_global_threshold,,,,,,
GDT-V2-P01-323,1,"[1989.491, 1450.145, 2023.527, 1458.327]","[1989.491, 1450.145, 1995.382, 1458.327]",6,parallelism,0.362001,cylindricity,0.361594,0.000407,ranking_only_no_global_threshold,,,,,,
GDT-V2-P01-324,1,"[2001.6, 1450.145, 2034.982, 1458.327]","[2001.6, 1450.473, 2006.182, 1457.345]",6,position,0.281094,cylindricity,0.256130,0.024964,ranking_only_no_global_threshold,,,,,,
GDT-V2-P01-325,1,"[2012.727, 1450.145, 2046.764, 1458.327]","[2012.727, 1450.145, 2017.636, 1458.0]",6,parallelism,0.424263,cylindricity,0.375151,0.049112,ranking_only_no_global_threshold,,,,,,
GDT-V2-P01-326,1,"[2069.673, 1450.145, 2103.055, 1458.327]","[2069.673, 1450.145, 2074.255, 1458.0]",6,parallelism,0.469177,cylindricity,0.438403,0.030774,ranking_only_no_global_threshold,,,,,,
GDT-V2-P01-327,1,"[71.018, 1457.018, 187.2, 1498.582]","[71.018, 1457.018, 84.764, 1498.255]",4,position,0.361527,symmetry,0.350162,0.011365,ranking_only_no_global_threshold,,,,,,
GDT-V2-P01-328,1,"[635.236, 1459.309, 643.091, 1476.982]","[635.236, 1459.309, 638.182, 1476.982]",2,angularity,-0.600000,circular_runout,-0.600000,0.0,ranking_only_no_global_threshold,,,,,,
GDT-V2-P01-329,1,"[1927.964, 1462.582, 1938.436, 1470.436]","[1927.964, 1462.582, 1932.545, 1470.436]",3,cylindricity,0.459987,parallelism,0.382309,0.077679,ranking_only_no_global_threshold,,,,,,
GDT-V2-P01-330,1,"[1944.982, 1462.582, 1956.109, 1470.436]","[1944.982, 1462.582, 1949.236, 1470.436]",2,circular_runout,0.470558,position,0.261446,0.209112,ranking_only_no_global_threshold,,,,,,
GDT-V2-P01-331,1,"[1962.0, 1462.582, 1977.709, 1470.436]","[1962.0, 1462.582, 1966.909, 1470.436]",4,flatness,0.386666,cylindricity,0.342904,0.043762,ranking_only_no_global_threshold,,,,,,
GDT-V2-P01-332,1,"[1995.382, 1462.582, 2006.509, 1470.764]","[1995.382, 1462.582, 1998.982, 1470.764]",2,perpendicularity,0.455959,circular_runout,0.420604,0.035355,ranking_only_no_global_threshold,,,,,,
GDT-V2-P01-333,1,"[2013.709, 1462.582, 2023.527, 1470.764]","[2013.709, 1462.582, 2018.291, 1470.436]",2,parallelism,0.423694,circular_runout,0.378101,0.045592,ranking_only_no_global_threshold,,,,,,
GDT-V2-P01-334,1,"[2064.764, 1462.582, 2080.473, 1470.764]","[2064.764, 1462.582, 2069.345, 1470.436]",3,parallelism,0.439898,circular_runout,0.344798,0.0951,ranking_only_no_global_threshold,,,,,,
GDT-V2-P01-335,1,"[2086.691, 1462.582, 2108.291, 1470.436]","[2086.691, 1462.582, 2091.6, 1470.436]",5,cylindricity,0.334521,straightness,0.301205,0.033316,ranking_only_no_global_threshold,,,,,,
GDT-V2-P01-336,1,"[2114.182, 1462.582, 2129.891, 1470.764]","[2114.182, 1462.909, 2118.109, 1470.764]",3,perpendicularity,0.479882,circular_runout,0.429075,0.050807,ranking_only_no_global_threshold,,,,,,
GDT-V2-P01-337,1,"[1927.636, 1475.018, 1961.673, 1483.2]","[1927.636, 1475.018, 1931.564, 1482.873]",6,circular_runout,0.625164,position,0.393118,0.232046,ranking_only_no_global_threshold,,,,,,
GDT-V2-P01-338,1,"[1938.764, 1475.018, 1972.145, 1483.2]","[1938.764, 1477.309, 1942.364, 1482.873]",6,circularity,0.224008,cylindricity,0.221795,0.002213,ranking_only_no_global_threshold,,,,,,
GDT-V2-P01-339,1,"[1950.545, 1475.018, 1983.927, 1483.2]","[1950.545, 1475.018, 1955.127, 1482.873]",6,cylindricity,0.424991,parallelism,0.394399,0.030591,ranking_only_no_global_threshold,,,,,,
GDT-V2-P01-340,1,"[1989.164, 1475.018, 2011.745, 1483.2]","[1989.164, 1475.018, 1994.727, 1483.2]",4,parallelism,0.518356,cylindricity,0.496362,0.021993,ranking_only_no_global_threshold,,,,,,
GDT-V2-P01-341,1,"[2024.182, 1475.018, 2034.327, 1482.873]","[2024.182, 1475.018, 2028.764, 1482.873]",2,parallelism,0.549281,cylindricity,0.480034,0.069247,ranking_only_no_global_threshold,,,,,,
GDT-V2-P01-342,1,"[2042.182, 1475.018, 2050.036, 1482.873]","[2042.182, 1475.018, 2046.764, 1482.873]",2,parallelism,0.453278,total_runout,0.342548,0.11073,ranking_only_no_global_threshold,,,,,,
GDT-V2-P01-343,1,"[2058.218, 1475.018, 2074.255, 1483.2]","[2058.218, 1475.018, 2062.473, 1483.2]",2,circular_runout,0.541285,position,0.409348,0.131937,ranking_only_no_global_threshold,,,,,,
GDT-V2-P01-344,1,"[2098.8, 1475.018, 2114.509, 1483.2]","[2098.8, 1475.018, 2103.382, 1483.2]",3,parallelism,0.431067,circular_runout,0.352843,0.078223,ranking_only_no_global_threshold,,,,,,
GDT-V2-P01-345,1,"[2127.273, 1475.018, 2152.473, 1482.873]","[2127.273, 1475.018, 2131.855, 1482.873]",5,parallelism,0.446949,total_runout,0.334286,0.112663,ranking_only_no_global_threshold,,,,,,
GDT-V2-P01-346,1,"[2165.891, 1475.018, 2197.636, 1483.2]","[2165.891, 1475.018, 2170.473, 1482.873]",6,parallelism,0.492250,cylindricity,0.451754,0.040497,ranking_only_no_global_threshold,,,,,,
GDT-V2-P01-347,1,"[2205.491, 1475.018, 2221.527, 1483.2]","[2205.491, 1475.018, 2209.418, 1482.873]",3,circular_runout,0.637454,position,0.394735,0.242719,ranking_only_no_global_threshold,,,,,,
GDT-V2-P01-348,1,"[2239.527, 1475.018, 2255.891, 1482.873]","[2239.527, 1475.018, 2244.764, 1482.218]",2,cylindricity,0.374861,position,0.371594,0.003267,ranking_only_no_global_threshold,,,,,,
GDT-V2-P01-349,1,"[2262.109, 1475.018, 2271.6, 1482.873]","[2262.109, 1475.018, 2267.345, 1482.873]",2,circular_runout,0.427591,perpendicularity,0.308645,0.118945,ranking_only_no_global_threshold,,,,,,
GDT-V2-P01-350,1,"[2308.582, 1475.018, 2323.964, 1483.2]","[2308.582, 1475.018, 2313.164, 1482.873]",3,parallelism,0.453407,total_runout,0.339150,0.114257,ranking_only_no_global_threshold,,,,,,
GDT-V2-P01-351,1,"[919.309, 1481.236, 954.982, 1495.964]","[919.309, 1481.236, 970.036, 1495.964]",3,straightness,0.418063,position,0.374927,0.043135,ranking_only_no_global_threshold,,,,,,
GDT-V2-P01-352,1,"[1266.873, 1487.455, 1289.455, 1493.018]","[1266.873, 1487.455, 1284.545, 1492.364]",2,straightness,0.432579,position,0.341506,0.091073,ranking_only_no_global_threshold,,,,,,
GDT-V2-P01-353,1,"[1927.636, 1487.455, 1953.818, 1495.636]","[1927.636, 1489.418, 1930.909, 1494.982]",5,cylindricity,0.264918,parallelism,0.246920,0.017999,ranking_only_no_global_threshold,,,,,,
GDT-V2-P01-354,1,"[1933.2, 1487.455, 1966.255, 1495.636]","[1933.2, 1489.418, 1936.8, 1495.309]",6,perpendicularity,0.233101,cylindricity,0.220795,0.012306,ranking_only_no_global_threshold,,,,,,
GDT-V2-P01-355,1,"[2058.218, 1487.455, 2069.018, 1495.636]","[2058.218, 1487.455, 2062.8, 1495.636]",2,circular_runout,0.411277,perpendicularity,0.252908,0.15837,ranking_only_no_global_threshold,,,,,,
GDT-V2-P01-356,1,"[648.327, 1496.291, 664.364, 1516.582]","[648.327, 1497.927, 659.455, 1516.582]",2,angularity,-0.600000,circular_runout,-0.600000,0.0,ranking_only_no_global_threshold,,,,,,
GDT-V2-P01-357,1,"[71.018, 1498.255, 187.2, 1512.655]","[71.018, 1498.582, 84.764, 1512.655]",4,perpendicularity,0.370286,flatness,0.360254,0.010032,ranking_only_no_global_threshold,,,,,,
GDT-V2-P01-358,1,"[1863.818, 1506.764, 1874.618, 1512.0]","[1863.818, 1507.091, 1870.691, 1512.0]",2,perpendicularity,0.343513,flatness,0.334754,0.008759,ranking_only_no_global_threshold,,,,,,
GDT-V2-P01-359,1,"[2244.764, 1508.4, 2251.636, 1513.309]","[2244.764, 1508.4, 2247.709, 1513.309]",2,position,0.376743,straightness,0.330907,0.045836,ranking_only_no_global_threshold,,,,,,
GDT-V2-P01-360,1,"[71.018, 1512.655, 187.2, 1526.727]","[71.018, 1512.655, 84.764, 1526.727]",4,circularity,0.409407,concentricity_coaxiality,0.386183,0.023224,ranking_only_no_global_threshold,,,,,,
GDT-V2-P01-361,1,"[1931.236, 1516.255, 1944.982, 1523.127]","[1931.236, 1516.582, 1934.509, 1523.127]",3,circular_runout,0.362709,perpendicularity,0.362096,0.000613,ranking_only_no_global_threshold,,,,,,
GDT-V2-P01-362,1,"[1981.964, 1516.255, 1989.491, 1523.127]","[1981.964, 1516.255, 1985.564, 1523.127]",2,circular_runout,0.420997,parallelism,0.387921,0.033076,ranking_only_no_global_threshold,,,,,,
GDT-V2-P01-363,1,"[1908.655, 1516.582, 1916.182, 1523.127]","[1908.655, 1516.582, 1912.582, 1523.127]",2,circular_runout,0.357314,cylindricity,0.280484,0.076831,ranking_only_no_global_threshold,,,,,,
GDT-V2-P01-364,1,"[1954.145, 1516.582, 1966.582, 1523.127]","[1954.145, 1516.582, 1957.745, 1523.127]",2,circular_runout,0.391838,position,0.310159,0.081679,ranking_only_no_global_threshold,,,,,,
GDT-V2-P01-365,1,"[2089.636, 1516.582, 2179.636, 1535.564]","[2089.636, 1521.164, 2101.745, 1535.564]",6,cylindricity,0.294190,symmetry,0.282648,0.011542,ranking_only_no_global_threshold,,,,,,
GDT-V2-P01-366,1,"[1924.364, 1528.036, 1946.291, 1534.909]","[1924.364, 1528.364, 1928.291, 1534.909]",5,circular_runout,0.444115,perpendicularity,0.235447,0.208668,ranking_only_no_global_threshold,,,,,,
GDT-V2-P01-367,1,"[1956.109, 1528.036, 1973.455, 1534.909]","[1956.109, 1528.364, 1960.036, 1534.909]",4,circular_runout,0.400727,position,0.274150,0.126576,ranking_only_no_global_threshold,,,,,,
GDT-V2-P01-368,1,"[1979.673, 1528.036, 1987.527, 1534.909]","[1979.673, 1528.036, 1983.273, 1534.909]",2,circular_runout,0.458743,parallelism,0.371195,0.087548,ranking_only_no_global_threshold,,,,,,
GDT-V2-P01-369,1,"[1905.709, 1528.364, 1919.455, 1534.909]","[1905.709, 1528.364, 1908.982, 1534.909]",3,circular_runout,0.489378,perpendicularity,0.485779,0.003599,ranking_only_no_global_threshold,,,,,,
GDT-V2-P01-370,1,"[2236.909, 1553.891, 2307.273, 1569.927]","[2236.909, 1553.891, 2275.855, 1569.927]",3,straightness,0.523908,position,0.364283,0.159625,ranking_only_no_global_threshold,,,,,,
GDT-V2-P01-371,1,"[2086.691, 1573.527, 2093.564, 1578.436]","[2086.691, 1573.527, 2089.636, 1578.436]",2,circular_runout,0.395382,position,0.330582,0.0648,ranking_only_no_global_threshold,,,,,,
GDT-V2-P01-372,1,"[1924.364, 1578.764, 1937.782, 1585.309]","[1924.364, 1578.764, 1927.964, 1584.655]",3,position,0.412484,circular_runout,0.373478,0.039006,ranking_only_no_global_threshold,,,,,,
GDT-V2-P01-373,1,"[2270.291, 1584.0, 2278.8, 1590.545]","[2270.291, 1584.327, 2273.891, 1590.545]",2,circular_runout,0.423193,position,0.388529,0.034664,ranking_only_no_global_threshold,,,,,,
GDT-V2-P01-374,1,"[1622.618, 1584.327, 1687.418, 1615.091]","[1622.618, 1584.327, 1631.782, 1610.836]",2,position,0.273382,perpendicularity,0.211219,0.062163,ranking_only_no_global_threshold,,,,,,
GDT-V2-P01-375,1,"[2310.873, 1584.327, 2319.709, 1590.873]","[2310.873, 1584.327, 2314.8, 1590.873]",2,circular_runout,0.360902,cylindricity,0.285628,0.075273,ranking_only_no_global_threshold,,,,,,
GDT-V2-P01-376,1,"[1240.364, 1598.4, 1250.182, 1606.255]","[1240.364, 1598.4, 1244.618, 1606.255]",2,circular_runout,0.556423,position,0.424021,0.132402,ranking_only_no_global_threshold,,,,,,
GDT-V2-P01-377,1,"[1093.091, 1598.727, 1103.236, 1606.582]","[1093.091, 1598.727, 1098.327, 1605.927]",2,cylindricity,0.371209,parallelism,0.366732,0.004477,ranking_only_no_global_threshold,,,,,,
GDT-V2-P01-378,1,"[2099.127, 1600.364, 2119.418, 1608.545]","[2099.127, 1600.691, 2103.709, 1608.545]",4,parallelism,0.379089,position,0.365139,0.013951,ranking_only_no_global_threshold,,,,,,
GDT-V2-P01-379,1,"[2161.636, 1600.364, 2177.673, 1608.545]","[2161.636, 1600.691, 2166.218, 1608.545]",3,position,0.366173,parallelism,0.359220,0.006952,ranking_only_no_global_threshold,,,,,,
GDT-V2-P01-380,1,"[1934.836, 1609.527, 1952.836, 1616.4]","[1934.836, 1609.527, 1939.418, 1616.4]",4,cylindricity,0.338830,circular_runout,0.326411,0.012419,ranking_only_no_global_threshold,,,,,,
GDT-V2-P01-381,1,"[1912.909, 1609.855, 1921.418, 1616.4]","[1912.909, 1609.855, 1916.182, 1616.4]",2,circular_runout,0.357690,perpendicularity,0.352820,0.004871,ranking_only_no_global_threshold,,,,,,
GDT-V2-P01-382,1,"[85.091, 1612.8, 187.2, 1627.2]","[85.091, 1612.8, 119.127, 1627.2]",3,profile,0.497205,position,0.368983,0.128222,ranking_only_no_global_threshold,,,,,,
GDT-V2-P01-383,1,"[2282.073, 1613.127, 2297.127, 1621.309]","[2282.073, 1613.455, 2285.345, 1620.0]",3,circular_runout,0.438091,position,0.428614,0.009477,ranking_only_no_global_threshold,,,,,,
GDT-V2-P01-384,1,"[1065.927, 1620.327, 1076.4, 1628.182]","[1065.927, 1621.636, 1069.527, 1628.182]",2,circular_runout,0.528150,position,0.438720,0.08943,ranking_only_no_global_threshold,,,,,,
GDT-V2-P01-385,1,"[1894.255, 1626.873, 1903.418, 1633.418]","[1894.255, 1626.873, 1899.164, 1633.418]",2,cylindricity,0.359445,parallelism,0.351017,0.008428,ranking_only_no_global_threshold,,,,,,
GDT-V2-P01-386,1,"[1941.055, 1626.873, 1948.909, 1633.418]","[1941.055, 1626.873, 1944.0, 1632.764]",2,position,0.380803,perpendicularity,0.250391,0.130412,ranking_only_no_global_threshold,,,,,,
GDT-V2-P01-387,1,"[71.018, 1627.2, 187.2, 1654.691]","[71.018, 1627.2, 84.764, 1654.691]",4,concentricity_coaxiality,0.410862,symmetry,0.385458,0.025404,ranking_only_no_global_threshold,,,,,,
GDT-V2-P01-388,1,"[2034.1, 1637.347, 2236.422, 1655.434]","[2034.1, 1637.347, 2061.844, 1655.434]",6,flatness,0.354087,cylindricity,0.224181,0.129907,ranking_only_no_global_threshold,,,,,,
GDT-V2-P01-389,1,"[2061.844, 1637.347, 2355.591, 1655.434]","[2061.844, 1637.347, 2072.349, 1655.434]",6,position,0.313396,perpendicularity,0.281063,0.032333,ranking_only_no_global_threshold,,,,,,
GDT-V2-P01-390,1,"[1859.891, 1638.982, 2354.727, 1654.691]","[1859.891, 1638.982, 1946.945, 1654.691]",4,straightness,0.556270,position,0.438453,0.117817,ranking_only_no_global_threshold,,,,,,
